2026-03-25 00:48:32,786 INFO sqlalchemy.engine.Engine select pg_catalog.version()
2026-03-25 00:48:32,789 INFO sqlalchemy.engine.Engine [raw sql] ()
2026-03-25 00:48:32,801 INFO sqlalchemy.engine.Engine select current_schema()
2026-03-25 00:48:32,803 INFO sqlalchemy.engine.Engine [raw sql] ()
2026-03-25 00:48:32,811 INFO sqlalchemy.engine.Engine show standard_conforming_strings
2026-03-25 00:48:32,813 INFO sqlalchemy.engine.Engine [raw sql] ()
2026-03-25 00:48:32,819 INFO sqlalchemy.engine.Engine BEGIN (implicit)
2026-03-25 00:48:33,154 INFO sqlalchemy.engine.Engine SELECT roles.id, roles.name 
FROM roles 
WHERE roles.name = $1::VARCHAR
2026-03-25 00:48:33,158 INFO sqlalchemy.engine.Engine [generated in 0.00472s] ('LOGISTIC_MANAGER',)
2026-03-25 00:48:33,203 INFO sqlalchemy.engine.Engine SELECT users.id, users.name, users.username, users.email, users.phone, users.alt_phone, users.date_of_birth, users.address, users.preferred_language, users.preferred_currency, users.default_payment_method, users.notifications_push, users.notifications_sms, users.notifications_email, users.notifications_geofence, users.notifications_promo, users.privacy_location, users.privacy_analytics, users.privacy_marketing, users.password_hash, users.role_id, users.warehouse_id, users.is_active, users.last_login, users.created_at, users.updated_at 
FROM users 
WHERE users.email = $1::VARCHAR
2026-03-25 00:48:33,205 INFO sqlalchemy.engine.Engine [generated in 0.00225s] ('logisticmanager@gmail.com',)
2026-03-25 00:48:34,060 INFO sqlalchemy.engine.Engine UPDATE users SET password_hash=$1::VARCHAR, updated_at=$2::TIMESTAMP WITH TIME ZONE WHERE users.id = $3::UUID
2026-03-25 00:48:34,061 INFO sqlalchemy.engine.Engine [generated in 0.00202s] ('$2b$12$dVhDhnPl.4gtEkh8akGzbOjRHQK7SmZp3SIhH0/i0FFUwTTYxI2X.', datetime.datetime(2026, 3, 24, 19, 18, 34, 60505, tzinfo=datetime.timezone.utc), UUID('d6ff263b-bfb4-427a-9213-867befa49ed2'))
2026-03-25 00:48:34,099 INFO sqlalchemy.engine.Engine SELECT users.id 
FROM users 
WHERE users.id = $1::UUID
2026-03-25 00:48:34,101 INFO sqlalchemy.engine.Engine [generated in 0.00228s] (UUID('d6ff263b-bfb4-427a-9213-867befa49ed2'),)
2026-03-25 00:48:34,116 INFO sqlalchemy.engine.Engine COMMIT
INFO:     127.0.0.1:56435 - "OPTIONS /api/v1/auth/login HTTP/1.1" 200 OK
INFO:     127.0.0.1:56433 - "GET /health HTTP/1.1" 200 OK
2026-03-25 00:48:58,325 INFO sqlalchemy.engine.Engine BEGIN (implicit)
2026-03-25 00:48:58,329 INFO sqlalchemy.engine.Engine SELECT users.id, users.name, users.username, users.email, users.phone, users.alt_phone, users.date_of_birth, users.address, users.preferred_language, users.preferred_currency, users.default_payment_method, users.notifications_push, users.notifications_sms, users.notifications_email, users.notifications_geofence, users.notifications_promo, users.privacy_location, users.privacy_analytics, users.privacy_marketing, users.password_hash, users.role_id, users.warehouse_id, users.is_active, users.last_login, users.created_at, users.updated_at 
FROM users 
WHERE users.email = $1::VARCHAR OR users.username = $2::VARCHAR
2026-03-25 00:48:58,331 INFO sqlalchemy.engine.Engine [generated in 0.00125s] ('driver1@gmail.com', 'driver1_gmail_com')
2026-03-25 00:48:58,979 INFO sqlalchemy.engine.Engine UPDATE users SET last_login=$1::TIMESTAMP WITH TIME ZONE, updated_at=$2::TIMESTAMP WITH TIME ZONE WHERE users.id = $3::UUID
2026-03-25 00:48:58,981 INFO sqlalchemy.engine.Engine [generated in 0.00202s] (datetime.datetime(2026, 3, 24, 19, 18, 58, 977867, tzinfo=datetime.timezone.utc), datetime.datetime(2026, 3, 24, 19, 18, 58, 979861, tzinfo=datetime.timezone.utc), UUID('8ce4bdac-8306-4b07-b065-a2a232c94f47'))
2026-03-25 00:48:58,986 INFO sqlalchemy.engine.Engine SELECT users.id 
FROM users 
WHERE users.id = $1::UUID
2026-03-25 00:48:58,987 INFO sqlalchemy.engine.Engine [cached since 24.89s ago] (UUID('8ce4bdac-8306-4b07-b065-a2a232c94f47'),)
2026-03-25 00:48:58,992 INFO sqlalchemy.engine.Engine SELECT roles.id AS roles_id, roles.name AS roles_name 
FROM roles 
WHERE roles.id = $1::INTEGER
2026-03-25 00:48:58,993 INFO sqlalchemy.engine.Engine [generated in 0.00147s] (4,)
INFO:     127.0.0.1:56440 - "POST /api/v1/auth/login HTTP/1.1" 200 OK
2026-03-25 00:48:59,023 INFO sqlalchemy.engine.Engine COMMIT
INFO:     127.0.0.1:60040 - "OPTIONS /api/v1/auth/login HTTP/1.1" 200 OK
2026-03-25 00:58:54,143 INFO sqlalchemy.engine.Engine BEGIN (implicit)
2026-03-25 00:58:54,146 INFO sqlalchemy.engine.Engine SELECT users.id, users.name, users.username, users.email, users.phone, users.alt_phone, users.date_of_birth, users.address, users.preferred_language, users.preferred_currency, users.default_payment_method, users.notifications_push, users.notifications_sms, users.notifications_email, users.notifications_geofence, users.notifications_promo, users.privacy_location, users.privacy_analytics, users.privacy_marketing, users.password_hash, users.role_id, users.warehouse_id, users.is_active, users.last_login, users.created_at, users.updated_at 
FROM users 
WHERE users.email = $1::VARCHAR OR users.username = $2::VARCHAR
2026-03-25 00:58:54,147 INFO sqlalchemy.engine.Engine [cached since 595.8s ago] ('driver1@gmail.com', 'driver1_gmail_com')
2026-03-25 00:58:54,738 INFO sqlalchemy.engine.Engine UPDATE users SET last_login=$1::TIMESTAMP WITH TIME ZONE, updated_at=$2::TIMESTAMP WITH TIME ZONE WHERE users.id = $3::UUID
2026-03-25 00:58:54,739 INFO sqlalchemy.engine.Engine [cached since 595.8s ago] (datetime.datetime(2026, 3, 24, 19, 28, 54, 737669, tzinfo=datetime.timezone.utc), datetime.datetime(2026, 3, 24, 19, 28, 54, 738215, tzinfo=datetime.timezone.utc), UUID('8ce4bdac-8306-4b07-b065-a2a232c94f47'))
2026-03-25 00:58:54,743 INFO sqlalchemy.engine.Engine SELECT users.id 
FROM users 
WHERE users.id = $1::UUID
2026-03-25 00:58:54,744 INFO sqlalchemy.engine.Engine [cached since 620.6s ago] (UUID('8ce4bdac-8306-4b07-b065-a2a232c94f47'),)
2026-03-25 00:58:54,746 INFO sqlalchemy.engine.Engine SELECT roles.id AS roles_id, roles.name AS roles_name 
FROM roles 
WHERE roles.id = $1::INTEGER
2026-03-25 00:58:54,747 INFO sqlalchemy.engine.Engine [cached since 595.8s ago] (4,)
INFO:     127.0.0.1:60040 - "POST /api/v1/auth/login HTTP/1.1" 200 OK
2026-03-25 00:58:54,752 INFO sqlalchemy.engine.Engine COMMIT
INFO:     127.0.0.1:60040 - "OPTIONS /api/v1/auth/me HTTP/1.1" 200 OK
2026-03-25 00:58:54,857 INFO sqlalchemy.engine.Engine BEGIN (implicit)
2026-03-25 00:58:54,859 INFO sqlalchemy.engine.Engine SELECT users.id, users.name, users.username, users.email, users.phone, users.alt_phone, users.date_of_birth, users.address, users.preferred_language, users.preferred_currency, users.default_payment_method, users.notifications_push, users.notifications_sms, users.notifications_email, users.notifications_geofence, users.notifications_promo, users.privacy_location, users.privacy_analytics, users.privacy_marketing, users.password_hash, users.role_id, users.warehouse_id, users.is_active, users.last_login, users.created_at, users.updated_at 
FROM users 
WHERE users.id = $1::UUID
2026-03-25 00:58:54,860 INFO sqlalchemy.engine.Engine [generated in 0.00091s] (UUID('8ce4bdac-8306-4b07-b065-a2a232c94f47'),)
2026-03-25 00:58:54,865 INFO sqlalchemy.engine.Engine SELECT users.id 
FROM users 
WHERE users.id = $1::UUID
2026-03-25 00:58:54,866 INFO sqlalchemy.engine.Engine [cached since 620.8s ago] (UUID('8ce4bdac-8306-4b07-b065-a2a232c94f47'),)
2026-03-25 00:58:54,868 INFO sqlalchemy.engine.Engine SELECT roles.id AS roles_id, roles.name AS roles_name 
FROM roles 
WHERE roles.id = $1::INTEGER
2026-03-25 00:58:54,869 INFO sqlalchemy.engine.Engine [cached since 595.9s ago] (4,)
INFO:     127.0.0.1:60043 - "GET /api/v1/auth/me HTTP/1.1" 200 OK
2026-03-25 00:58:54,875 INFO sqlalchemy.engine.Engine COMMIT
INFO:     127.0.0.1:60043 - "OPTIONS /api/v1/logistics/drivers/me/dashboard HTTP/1.1" 200 OK
2026-03-25 00:58:54,924 INFO sqlalchemy.engine.Engine BEGIN (implicit)
2026-03-25 00:58:54,925 INFO sqlalchemy.engine.Engine SELECT users.id, users.name, users.username, users.email, users.phone, users.alt_phone, users.date_of_birth, users.address, users.preferred_language, users.preferred_currency, users.default_payment_method, users.notifications_push, users.notifications_sms, users.notifications_email, users.notifications_geofence, users.notifications_promo, users.privacy_location, users.privacy_analytics, users.privacy_marketing, users.password_hash, users.role_id, users.warehouse_id, users.is_active, users.last_login, users.created_at, users.updated_at 
FROM users 
WHERE users.id = $1::UUID
2026-03-25 00:58:54,927 INFO sqlalchemy.engine.Engine [cached since 0.06705s ago] (UUID('8ce4bdac-8306-4b07-b065-a2a232c94f47'),)
2026-03-25 00:58:54,930 INFO sqlalchemy.engine.Engine SELECT users.id 
FROM users 
WHERE users.id = $1::UUID
2026-03-25 00:58:54,931 INFO sqlalchemy.engine.Engine [cached since 620.8s ago] (UUID('8ce4bdac-8306-4b07-b065-a2a232c94f47'),)
2026-03-25 00:58:54,933 INFO sqlalchemy.engine.Engine SELECT roles.id AS roles_id, roles.name AS roles_name 
FROM roles 
WHERE roles.id = $1::INTEGER
2026-03-25 00:58:54,933 INFO sqlalchemy.engine.Engine [cached since 595.9s ago] (4,)
2026-03-25 00:58:54,940 INFO sqlalchemy.engine.Engine SELECT logistics_driver_profiles.id, logistics_driver_profiles.user_id, logistics_driver_profiles.warehouse_id, logistics_driver_profiles.status, logistics_driver_profiles.current_location, logistics_driver_profiles.current_job, logistics_driver_profiles.efficiency_score, logistics_driver_profiles.avatar_color, logistics_driver_profiles.chat_history, logistics_driver_profiles.created_at, logistics_driver_profiles.updated_at 
FROM logistics_driver_profiles 
WHERE logistics_driver_profiles.user_id = $1::UUID
2026-03-25 00:58:54,942 INFO sqlalchemy.engine.Engine [generated in 0.00111s] (UUID('8ce4bdac-8306-4b07-b065-a2a232c94f47'),)
2026-03-25 00:58:54,961 INFO sqlalchemy.engine.Engine SELECT warehouses.id, warehouses.name, warehouses.address, warehouses.lat, warehouses.lng, warehouses.manager_id, warehouses.floor_plan_json, warehouses.capacity_limit, warehouses.is_active, warehouses.created_at, warehouses.updated_at 
FROM warehouses 
WHERE warehouses.id = $1::UUID
2026-03-25 00:58:54,962 INFO sqlalchemy.engine.Engine [generated in 0.00110s] (UUID('b7345343-13ae-46fe-b467-005bf9cfbb89'),)
2026-03-25 00:58:54,979 INFO sqlalchemy.engine.Engine SELECT orders.id, orders.tracking_code, orders.order_type, orders.status, orders.warehouse_substatus, orders.customer_id, orders.warehouse_id, orders.assigned_driver_id, orders.assigned_vehicle_id, orders.pickup_addr, orders.delivery_addr, orders.delivery_lat, orders.delivery_lng, orders.cargo_type, orders.vehicle_type, orders.labor_count, orders.base_amount, orders.vehicle_amount, orders.labor_amount, orders.materials_amount, orders.packing_amount, orders.platform_fee, orders.tax_amount, orders.total_amount, orders.payment_mode, orders.payment_status, orders.paid_amount, orders.declared_value, orders.service_otp, orders.service_time_block, orders.scheduled_at, orders.cancel_reason, orders.picking_started_at, orders.picking_completed_at, orders.packing_started_at, orders.packing_completed_at, orders.created_at, orders.updated_at 
FROM orders 
WHERE orders.assigned_driver_id = $1::UUID AND (orders.status NOT IN ($2::VARCHAR, $3::VARCHAR)) ORDER BY orders.scheduled_at ASC NULLS LAST, orders.created_at ASC
2026-03-25 00:58:54,979 INFO sqlalchemy.engine.Engine [generated in 0.00116s] (UUID('8ce4bdac-8306-4b07-b065-a2a232c94f47'), 'DRAFT', 'CANCELLED')
2026-03-25 00:58:55,007 INFO sqlalchemy.engine.Engine SELECT order_items.order_id AS order_items_order_id, order_items.id AS order_items_id, order_items.sku AS order_items_sku, order_items.quantity AS order_items_quantity, order_items.box_count AS order_items_box_count, order_items.estimated_volume AS order_items_estimated_volume, order_items.created_at AS order_items_created_at 
FROM order_items 
WHERE order_items.order_id IN ($1::UUID)
2026-03-25 00:58:55,008 INFO sqlalchemy.engine.Engine [generated in 0.00134s] (UUID('acc982ee-61cc-4f55-b505-fe9c17374a25'),)
2026-03-25 00:58:55,020 INFO sqlalchemy.engine.Engine SELECT logistics_vehicles.id, logistics_vehicles.code, logistics_vehicles.vehicle_type, logistics_vehicles.warehouse_id, logistics_vehicles.assigned_driver_id, logistics_vehicles.model, logistics_vehicles.year, logistics_vehicles.license_plate, logistics_vehicles.status, logistics_vehicles.fuel_efficiency, logistics_vehicles.mileage, logistics_vehicles.next_service_date, logistics_vehicles.maintenance_issue, logistics_vehicles.created_at, logistics_vehicles.updated_at 
FROM logistics_vehicles 
WHERE logistics_vehicles.id IN ($1::UUID)
2026-03-25 00:58:55,021 INFO sqlalchemy.engine.Engine [generated in 0.00113s] (UUID('c6568bb2-39b7-44b7-a08f-de2846bd77ea'),)
2026-03-25 00:58:55,032 INFO sqlalchemy.engine.Engine SELECT logistics_vehicles.id, logistics_vehicles.code, logistics_vehicles.vehicle_type, logistics_vehicles.warehouse_id, logistics_vehicles.assigned_driver_id, logistics_vehicles.model, logistics_vehicles.year, logistics_vehicles.license_plate, logistics_vehicles.status, logistics_vehicles.fuel_efficiency, logistics_vehicles.mileage, logistics_vehicles.next_service_date, logistics_vehicles.maintenance_issue, logistics_vehicles.created_at, logistics_vehicles.updated_at 
FROM logistics_vehicles 
WHERE logistics_vehicles.warehouse_id = $1::UUID AND (logistics_vehicles.assigned_driver_id = $2::UUID OR logistics_vehicles.warehouse_id = $3::UUID AND (logistics_vehicles.assigned_driver_id IS NULL OR logistics_vehicles.assigned_driver_id = $4::UUID)) ORDER BY logistics_vehicles.created_at DESC
2026-03-25 00:58:55,033 INFO sqlalchemy.engine.Engine [generated in 0.00109s] (UUID('b7345343-13ae-46fe-b467-005bf9cfbb89'), UUID('8ce4bdac-8306-4b07-b065-a2a232c94f47'), UUID('b7345343-13ae-46fe-b467-005bf9cfbb89'), UUID('8ce4bdac-8306-4b07-b065-a2a232c94f47'))
2026-03-25 00:58:55,039 INFO sqlalchemy.engine.Engine SELECT orders.id, orders.tracking_code, orders.order_type, orders.status, orders.warehouse_substatus, orders.customer_id, orders.warehouse_id, orders.assigned_driver_id, orders.assigned_vehicle_id, orders.pickup_addr, orders.delivery_addr, orders.delivery_lat, orders.delivery_lng, orders.cargo_type, orders.vehicle_type, orders.labor_count, orders.base_amount, orders.vehicle_amount, orders.labor_amount, orders.materials_amount, orders.packing_amount, orders.platform_fee, orders.tax_amount, orders.total_amount, orders.payment_mode, orders.payment_status, orders.paid_amount, orders.declared_value, orders.service_otp, orders.service_time_block, orders.scheduled_at, orders.cancel_reason, orders.picking_started_at, orders.picking_completed_at, orders.packing_started_at, orders.packing_completed_at, orders.created_at, orders.updated_at 
FROM orders 
WHERE orders.status IN ($1::VARCHAR, $2::VARCHAR) AND orders.assigned_vehicle_id IS NOT NULL AND orders.assigned_driver_id IS NOT NULL
2026-03-25 00:58:55,041 INFO sqlalchemy.engine.Engine [generated in 0.00104s] ('ASSIGNED', 'IN_TRANSIT')
2026-03-25 00:58:55,045 INFO sqlalchemy.engine.Engine SELECT users.id, users.name, users.username, users.email, users.phone, users.alt_phone, users.date_of_birth, users.address, users.preferred_language, users.preferred_currency, users.default_payment_method, users.notifications_push, users.notifications_sms, users.notifications_email, users.notifications_geofence, users.notifications_promo, users.privacy_location, users.privacy_analytics, users.privacy_marketing, users.password_hash, users.role_id, users.warehouse_id, users.is_active, users.last_login, users.created_at, users.updated_at 
FROM users 
WHERE users.id IN ($1::UUID)
2026-03-25 00:58:55,045 INFO sqlalchemy.engine.Engine [generated in 0.00088s] (UUID('8ce4bdac-8306-4b07-b065-a2a232c94f47'),)
INFO:     127.0.0.1:60040 - "GET /api/v1/logistics/drivers/me/dashboard HTTP/1.1" 200 OK
2026-03-25 00:58:55,059 INFO sqlalchemy.engine.Engine COMMIT
2026-03-25 00:58:55,151 INFO sqlalchemy.engine.Engine BEGIN (implicit)
2026-03-25 00:58:55,154 INFO sqlalchemy.engine.Engine SELECT users.id, users.name, users.username, users.email, users.phone, users.alt_phone, users.date_of_birth, users.address, users.preferred_language, users.preferred_currency, users.default_payment_method, users.notifications_push, users.notifications_sms, users.notifications_email, users.notifications_geofence, users.notifications_promo, users.privacy_location, users.privacy_analytics, users.privacy_marketing, users.password_hash, users.role_id, users.warehouse_id, users.is_active, users.last_login, users.created_at, users.updated_at 
FROM users 
WHERE users.id = $1::UUID
2026-03-25 00:58:55,155 INFO sqlalchemy.engine.Engine [cached since 0.2949s ago] (UUID('8ce4bdac-8306-4b07-b065-a2a232c94f47'),)
2026-03-25 00:58:55,158 INFO sqlalchemy.engine.Engine SELECT users.id 
FROM users 
WHERE users.id = $1::UUID
2026-03-25 00:58:55,159 INFO sqlalchemy.engine.Engine [cached since 621.1s ago] (UUID('8ce4bdac-8306-4b07-b065-a2a232c94f47'),)
2026-03-25 00:58:55,163 INFO sqlalchemy.engine.Engine SELECT roles.id AS roles_id, roles.name AS roles_name 
FROM roles 
WHERE roles.id = $1::INTEGER
2026-03-25 00:58:55,163 INFO sqlalchemy.engine.Engine [cached since 596.2s ago] (4,)
2026-03-25 00:58:55,166 INFO sqlalchemy.engine.Engine SELECT logistics_driver_profiles.id, logistics_driver_profiles.user_id, logistics_driver_profiles.warehouse_id, logistics_driver_profiles.status, logistics_driver_profiles.current_location, logistics_driver_profiles.current_job, logistics_driver_profiles.efficiency_score, logistics_driver_profiles.avatar_color, logistics_driver_profiles.chat_history, logistics_driver_profiles.created_at, logistics_driver_profiles.updated_at 
FROM logistics_driver_profiles 
WHERE logistics_driver_profiles.user_id = $1::UUID
2026-03-25 00:58:55,167 INFO sqlalchemy.engine.Engine [cached since 0.2267s ago] (UUID('8ce4bdac-8306-4b07-b065-a2a232c94f47'),)
2026-03-25 00:58:55,170 INFO sqlalchemy.engine.Engine SELECT warehouses.id, warehouses.name, warehouses.address, warehouses.lat, warehouses.lng, warehouses.manager_id, warehouses.floor_plan_json, warehouses.capacity_limit, warehouses.is_active, warehouses.created_at, warehouses.updated_at 
FROM warehouses 
WHERE warehouses.id = $1::UUID
2026-03-25 00:58:55,171 INFO sqlalchemy.engine.Engine [cached since 0.2104s ago] (UUID('b7345343-13ae-46fe-b467-005bf9cfbb89'),)
2026-03-25 00:58:55,174 INFO sqlalchemy.engine.Engine SELECT orders.id, orders.tracking_code, orders.order_type, orders.status, orders.warehouse_substatus, orders.customer_id, orders.warehouse_id, orders.assigned_driver_id, orders.assigned_vehicle_id, orders.pickup_addr, orders.delivery_addr, orders.delivery_lat, orders.delivery_lng, orders.cargo_type, orders.vehicle_type, orders.labor_count, orders.base_amount, orders.vehicle_amount, orders.labor_amount, orders.materials_amount, orders.packing_amount, orders.platform_fee, orders.tax_amount, orders.total_amount, orders.payment_mode, orders.payment_status, orders.paid_amount, orders.declared_value, orders.service_otp, orders.service_time_block, orders.scheduled_at, orders.cancel_reason, orders.picking_started_at, orders.picking_completed_at, orders.packing_started_at, orders.packing_completed_at, orders.created_at, orders.updated_at 
FROM orders 
WHERE orders.assigned_driver_id = $1::UUID AND (orders.status NOT IN ($2::VARCHAR, $3::VARCHAR)) ORDER BY orders.scheduled_at ASC NULLS LAST, orders.created_at ASC
2026-03-25 00:58:55,175 INFO sqlalchemy.engine.Engine [cached since 0.1966s ago] (UUID('8ce4bdac-8306-4b07-b065-a2a232c94f47'), 'DRAFT', 'CANCELLED')
2026-03-25 00:58:55,178 INFO sqlalchemy.engine.Engine SELECT order_items.order_id AS order_items_order_id, order_items.id AS order_items_id, order_items.sku AS order_items_sku, order_items.quantity AS order_items_quantity, order_items.box_count AS order_items_box_count, order_items.estimated_volume AS order_items_estimated_volume, order_items.created_at AS order_items_created_at 
FROM order_items 
WHERE order_items.order_id IN ($1::UUID)
2026-03-25 00:58:55,179 INFO sqlalchemy.engine.Engine [cached since 0.1729s ago] (UUID('acc982ee-61cc-4f55-b505-fe9c17374a25'),)
2026-03-25 00:58:55,182 INFO sqlalchemy.engine.Engine SELECT logistics_vehicles.id, logistics_vehicles.code, logistics_vehicles.vehicle_type, logistics_vehicles.warehouse_id, logistics_vehicles.assigned_driver_id, logistics_vehicles.model, logistics_vehicles.year, logistics_vehicles.license_plate, logistics_vehicles.status, logistics_vehicles.fuel_efficiency, logistics_vehicles.mileage, logistics_vehicles.next_service_date, logistics_vehicles.maintenance_issue, logistics_vehicles.created_at, logistics_vehicles.updated_at 
FROM logistics_vehicles 
WHERE logistics_vehicles.id IN ($1::UUID)
2026-03-25 00:58:55,184 INFO sqlalchemy.engine.Engine [cached since 0.1643s ago] (UUID('c6568bb2-39b7-44b7-a08f-de2846bd77ea'),)
2026-03-25 00:58:55,187 INFO sqlalchemy.engine.Engine SELECT logistics_vehicles.id, logistics_vehicles.code, logistics_vehicles.vehicle_type, logistics_vehicles.warehouse_id, logistics_vehicles.assigned_driver_id, logistics_vehicles.model, logistics_vehicles.year, logistics_vehicles.license_plate, logistics_vehicles.status, logistics_vehicles.fuel_efficiency, logistics_vehicles.mileage, logistics_vehicles.next_service_date, logistics_vehicles.maintenance_issue, logistics_vehicles.created_at, logistics_vehicles.updated_at 
FROM logistics_vehicles 
WHERE logistics_vehicles.warehouse_id = $1::UUID AND (logistics_vehicles.assigned_driver_id = $2::UUID OR logistics_vehicles.warehouse_id = $3::UUID AND (logistics_vehicles.assigned_driver_id IS NULL OR logistics_vehicles.assigned_driver_id = $4::UUID)) ORDER BY logistics_vehicles.created_at DESC
2026-03-25 00:58:55,188 INFO sqlalchemy.engine.Engine [cached since 0.1558s ago] (UUID('b7345343-13ae-46fe-b467-005bf9cfbb89'), UUID('8ce4bdac-8306-4b07-b065-a2a232c94f47'), UUID('b7345343-13ae-46fe-b467-005bf9cfbb89'), UUID('8ce4bdac-8306-4b07-b065-a2a232c94f47'))
2026-03-25 00:58:55,191 INFO sqlalchemy.engine.Engine SELECT orders.id, orders.tracking_code, orders.order_type, orders.status, orders.warehouse_substatus, orders.customer_id, orders.warehouse_id, orders.assigned_driver_id, orders.assigned_vehicle_id, orders.pickup_addr, orders.delivery_addr, orders.delivery_lat, orders.delivery_lng, orders.cargo_type, orders.vehicle_type, orders.labor_count, orders.base_amount, orders.vehicle_amount, orders.labor_amount, orders.materials_amount, orders.packing_amount, orders.platform_fee, orders.tax_amount, orders.total_amount, orders.payment_mode, orders.payment_status, orders.paid_amount, orders.declared_value, orders.service_otp, orders.service_time_block, orders.scheduled_at, orders.cancel_reason, orders.picking_started_at, orders.picking_completed_at, orders.packing_started_at, orders.packing_completed_at, orders.created_at, orders.updated_at 
FROM orders 
WHERE orders.status IN ($1::VARCHAR, $2::VARCHAR) AND orders.assigned_vehicle_id IS NOT NULL AND orders.assigned_driver_id IS NOT NULL
2026-03-25 00:58:55,192 INFO sqlalchemy.engine.Engine [cached since 0.1524s ago] ('ASSIGNED', 'IN_TRANSIT')
2026-03-25 00:58:55,195 INFO sqlalchemy.engine.Engine SELECT users.id, users.name, users.username, users.email, users.phone, users.alt_phone, users.date_of_birth, users.address, users.preferred_language, users.preferred_currency, users.default_payment_method, users.notifications_push, users.notifications_sms, users.notifications_email, users.notifications_geofence, users.notifications_promo, users.privacy_location, users.privacy_analytics, users.privacy_marketing, users.password_hash, users.role_id, users.warehouse_id, users.is_active, users.last_login, users.created_at, users.updated_at 
FROM users 
WHERE users.id IN ($1::UUID)
2026-03-25 00:58:55,195 INFO sqlalchemy.engine.Engine [cached since 0.1503s ago] (UUID('8ce4bdac-8306-4b07-b065-a2a232c94f47'),)
INFO:     127.0.0.1:60040 - "GET /api/v1/logistics/drivers/me/dashboard HTTP/1.1" 200 OK
2026-03-25 00:58:55,202 INFO sqlalchemy.engine.Engine COMMIT
INFO:     127.0.0.1:60053 - "OPTIONS /api/v1/logistics/drivers/me/shift/start HTTP/1.1" 200 OK
2026-03-25 00:59:11,500 INFO sqlalchemy.engine.Engine BEGIN (implicit)
2026-03-25 00:59:11,501 INFO sqlalchemy.engine.Engine SELECT users.id, users.name, users.username, users.email, users.phone, users.alt_phone, users.date_of_birth, users.address, users.preferred_language, users.preferred_currency, users.default_payment_method, users.notifications_push, users.notifications_sms, users.notifications_email, users.notifications_geofence, users.notifications_promo, users.privacy_location, users.privacy_analytics, users.privacy_marketing, users.password_hash, users.role_id, users.warehouse_id, users.is_active, users.last_login, users.created_at, users.updated_at 
FROM users 
WHERE users.id = $1::UUID
2026-03-25 00:59:11,502 INFO sqlalchemy.engine.Engine [cached since 16.64s ago] (UUID('8ce4bdac-8306-4b07-b065-a2a232c94f47'),)
2026-03-25 00:59:11,506 INFO sqlalchemy.engine.Engine SELECT users.id 
FROM users 
WHERE users.id = $1::UUID
2026-03-25 00:59:11,507 INFO sqlalchemy.engine.Engine [cached since 637.4s ago] (UUID('8ce4bdac-8306-4b07-b065-a2a232c94f47'),)
2026-03-25 00:59:11,509 INFO sqlalchemy.engine.Engine SELECT roles.id AS roles_id, roles.name AS roles_name 
FROM roles 
WHERE roles.id = $1::INTEGER
2026-03-25 00:59:11,510 INFO sqlalchemy.engine.Engine [cached since 612.5s ago] (4,)
2026-03-25 00:59:11,514 INFO sqlalchemy.engine.Engine SELECT logistics_driver_profiles.id, logistics_driver_profiles.user_id, logistics_driver_profiles.warehouse_id, logistics_driver_profiles.status, logistics_driver_profiles.current_location, logistics_driver_profiles.current_job, logistics_driver_profiles.efficiency_score, logistics_driver_profiles.avatar_color, logistics_driver_profiles.chat_history, logistics_driver_profiles.created_at, logistics_driver_profiles.updated_at 
FROM logistics_driver_profiles 
WHERE logistics_driver_profiles.user_id = $1::UUID
2026-03-25 00:59:11,514 INFO sqlalchemy.engine.Engine [cached since 16.57s ago] (UUID('8ce4bdac-8306-4b07-b065-a2a232c94f47'),)
2026-03-25 00:59:11,519 INFO sqlalchemy.engine.Engine SELECT orders.id, orders.tracking_code, orders.order_type, orders.status, orders.warehouse_substatus, orders.customer_id, orders.warehouse_id, orders.assigned_driver_id, orders.assigned_vehicle_id, orders.pickup_addr, orders.delivery_addr, orders.delivery_lat, orders.delivery_lng, orders.cargo_type, orders.vehicle_type, orders.labor_count, orders.base_amount, orders.vehicle_amount, orders.labor_amount, orders.materials_amount, orders.packing_amount, orders.platform_fee, orders.tax_amount, orders.total_amount, orders.payment_mode, orders.payment_status, orders.paid_amount, orders.declared_value, orders.service_otp, orders.service_time_block, orders.scheduled_at, orders.cancel_reason, orders.picking_started_at, orders.picking_completed_at, orders.packing_started_at, orders.packing_completed_at, orders.created_at, orders.updated_at 
FROM orders 
WHERE orders.assigned_driver_id = $1::UUID AND (orders.status NOT IN ($2::VARCHAR, $3::VARCHAR)) ORDER BY orders.scheduled_at ASC NULLS LAST, orders.created_at ASC
2026-03-25 00:59:11,520 INFO sqlalchemy.engine.Engine [cached since 16.54s ago] (UUID('8ce4bdac-8306-4b07-b065-a2a232c94f47'), 'DRAFT', 'CANCELLED')
2026-03-25 00:59:11,523 INFO sqlalchemy.engine.Engine SELECT order_items.order_id AS order_items_order_id, order_items.id AS order_items_id, order_items.sku AS order_items_sku, order_items.quantity AS order_items_quantity, order_items.box_count AS order_items_box_count, order_items.estimated_volume AS order_items_estimated_volume, order_items.created_at AS order_items_created_at 
FROM order_items 
WHERE order_items.order_id IN ($1::UUID)
2026-03-25 00:59:11,523 INFO sqlalchemy.engine.Engine [cached since 16.52s ago] (UUID('acc982ee-61cc-4f55-b505-fe9c17374a25'),)
2026-03-25 00:59:11,527 INFO sqlalchemy.engine.Engine UPDATE logistics_driver_profiles SET current_job=$1::VARCHAR, updated_at=$2::TIMESTAMP WITH TIME ZONE WHERE logistics_driver_profiles.id = $3::UUID
2026-03-25 00:59:11,528 INFO sqlalchemy.engine.Engine [generated in 0.00098s] ('QC-9C47B4293D', datetime.datetime(2026, 3, 24, 19, 29, 11, 527598, tzinfo=datetime.timezone.utc), UUID('e2bdd9a3-084f-46a0-9f79-9db857b8fea9'))
2026-03-25 00:59:11,534 INFO sqlalchemy.engine.Engine UPDATE users SET last_login=$1::TIMESTAMP WITH TIME ZONE, updated_at=$2::TIMESTAMP WITH TIME ZONE WHERE users.id = $3::UUID
2026-03-25 00:59:11,534 INFO sqlalchemy.engine.Engine [cached since 612.6s ago] (datetime.datetime(2026, 3, 24, 19, 29, 11, 517719, tzinfo=datetime.timezone.utc), datetime.datetime(2026, 3, 24, 19, 29, 11, 534019, tzinfo=datetime.timezone.utc), UUID('8ce4bdac-8306-4b07-b065-a2a232c94f47'))
INFO:     127.0.0.1:60053 - "POST /api/v1/logistics/drivers/me/shift/start HTTP/1.1" 200 OK
2026-03-25 00:59:11,541 INFO sqlalchemy.engine.Engine COMMIT
2026-03-25 00:59:11,597 INFO sqlalchemy.engine.Engine BEGIN (implicit)
2026-03-25 00:59:11,599 INFO sqlalchemy.engine.Engine SELECT users.id, users.name, users.username, users.email, users.phone, users.alt_phone, users.date_of_birth, users.address, users.preferred_language, users.preferred_currency, users.default_payment_method, users.notifications_push, users.notifications_sms, users.notifications_email, users.notifications_geofence, users.notifications_promo, users.privacy_location, users.privacy_analytics, users.privacy_marketing, users.password_hash, users.role_id, users.warehouse_id, users.is_active, users.last_login, users.created_at, users.updated_at 
FROM users 
WHERE users.id = $1::UUID
2026-03-25 00:59:11,600 INFO sqlalchemy.engine.Engine [cached since 16.74s ago] (UUID('8ce4bdac-8306-4b07-b065-a2a232c94f47'),)
2026-03-25 00:59:11,604 INFO sqlalchemy.engine.Engine SELECT users.id 
FROM users 
WHERE users.id = $1::UUID
2026-03-25 00:59:11,605 INFO sqlalchemy.engine.Engine [cached since 637.5s ago] (UUID('8ce4bdac-8306-4b07-b065-a2a232c94f47'),)
2026-03-25 00:59:11,606 INFO sqlalchemy.engine.Engine SELECT roles.id AS roles_id, roles.name AS roles_name 
FROM roles 
WHERE roles.id = $1::INTEGER
2026-03-25 00:59:11,608 INFO sqlalchemy.engine.Engine [cached since 612.6s ago] (4,)
2026-03-25 00:59:11,609 INFO sqlalchemy.engine.Engine SELECT logistics_driver_profiles.id, logistics_driver_profiles.user_id, logistics_driver_profiles.warehouse_id, logistics_driver_profiles.status, logistics_driver_profiles.current_location, logistics_driver_profiles.current_job, logistics_driver_profiles.efficiency_score, logistics_driver_profiles.avatar_color, logistics_driver_profiles.chat_history, logistics_driver_profiles.created_at, logistics_driver_profiles.updated_at 
FROM logistics_driver_profiles 
WHERE logistics_driver_profiles.user_id = $1::UUID
2026-03-25 00:59:11,609 INFO sqlalchemy.engine.Engine [cached since 16.67s ago] (UUID('8ce4bdac-8306-4b07-b065-a2a232c94f47'),)
2026-03-25 00:59:11,613 INFO sqlalchemy.engine.Engine SELECT warehouses.id, warehouses.name, warehouses.address, warehouses.lat, warehouses.lng, warehouses.manager_id, warehouses.floor_plan_json, warehouses.capacity_limit, warehouses.is_active, warehouses.created_at, warehouses.updated_at 
FROM warehouses 
WHERE warehouses.id = $1::UUID
2026-03-25 00:59:11,614 INFO sqlalchemy.engine.Engine [cached since 16.65s ago] (UUID('b7345343-13ae-46fe-b467-005bf9cfbb89'),)
2026-03-25 00:59:11,616 INFO sqlalchemy.engine.Engine SELECT orders.id, orders.tracking_code, orders.order_type, orders.status, orders.warehouse_substatus, orders.customer_id, orders.warehouse_id, orders.assigned_driver_id, orders.assigned_vehicle_id, orders.pickup_addr, orders.delivery_addr, orders.delivery_lat, orders.delivery_lng, orders.cargo_type, orders.vehicle_type, orders.labor_count, orders.base_amount, orders.vehicle_amount, orders.labor_amount, orders.materials_amount, orders.packing_amount, orders.platform_fee, orders.tax_amount, orders.total_amount, orders.payment_mode, orders.payment_status, orders.paid_amount, orders.declared_value, orders.service_otp, orders.service_time_block, orders.scheduled_at, orders.cancel_reason, orders.picking_started_at, orders.picking_completed_at, orders.packing_started_at, orders.packing_completed_at, orders.created_at, orders.updated_at 
FROM orders 
WHERE orders.assigned_driver_id = $1::UUID AND (orders.status NOT IN ($2::VARCHAR, $3::VARCHAR)) ORDER BY orders.scheduled_at ASC NULLS LAST, orders.created_at ASC
2026-03-25 00:59:11,617 INFO sqlalchemy.engine.Engine [cached since 16.64s ago] (UUID('8ce4bdac-8306-4b07-b065-a2a232c94f47'), 'DRAFT', 'CANCELLED')
2026-03-25 00:59:11,619 INFO sqlalchemy.engine.Engine SELECT order_items.order_id AS order_items_order_id, order_items.id AS order_items_id, order_items.sku AS order_items_sku, order_items.quantity AS order_items_quantity, order_items.box_count AS order_items_box_count, order_items.estimated_volume AS order_items_estimated_volume, order_items.created_at AS order_items_created_at 
FROM order_items 
WHERE order_items.order_id IN ($1::UUID)
2026-03-25 00:59:11,620 INFO sqlalchemy.engine.Engine [cached since 16.61s ago] (UUID('acc982ee-61cc-4f55-b505-fe9c17374a25'),)
2026-03-25 00:59:11,623 INFO sqlalchemy.engine.Engine SELECT logistics_vehicles.id, logistics_vehicles.code, logistics_vehicles.vehicle_type, logistics_vehicles.warehouse_id, logistics_vehicles.assigned_driver_id, logistics_vehicles.model, logistics_vehicles.year, logistics_vehicles.license_plate, logistics_vehicles.status, logistics_vehicles.fuel_efficiency, logistics_vehicles.mileage, logistics_vehicles.next_service_date, logistics_vehicles.maintenance_issue, logistics_vehicles.created_at, logistics_vehicles.updated_at 
FROM logistics_vehicles 
WHERE logistics_vehicles.id IN ($1::UUID)
2026-03-25 00:59:11,624 INFO sqlalchemy.engine.Engine [cached since 16.6s ago] (UUID('c6568bb2-39b7-44b7-a08f-de2846bd77ea'),)
2026-03-25 00:59:11,628 INFO sqlalchemy.engine.Engine SELECT logistics_vehicles.id, logistics_vehicles.code, logistics_vehicles.vehicle_type, logistics_vehicles.warehouse_id, logistics_vehicles.assigned_driver_id, logistics_vehicles.model, logistics_vehicles.year, logistics_vehicles.license_plate, logistics_vehicles.status, logistics_vehicles.fuel_efficiency, logistics_vehicles.mileage, logistics_vehicles.next_service_date, logistics_vehicles.maintenance_issue, logistics_vehicles.created_at, logistics_vehicles.updated_at 
FROM logistics_vehicles 
WHERE logistics_vehicles.warehouse_id = $1::UUID AND (logistics_vehicles.assigned_driver_id = $2::UUID OR logistics_vehicles.warehouse_id = $3::UUID AND (logistics_vehicles.assigned_driver_id IS NULL OR logistics_vehicles.assigned_driver_id = $4::UUID)) ORDER BY logistics_vehicles.created_at DESC
2026-03-25 00:59:11,629 INFO sqlalchemy.engine.Engine [cached since 16.6s ago] (UUID('b7345343-13ae-46fe-b467-005bf9cfbb89'), UUID('8ce4bdac-8306-4b07-b065-a2a232c94f47'), UUID('b7345343-13ae-46fe-b467-005bf9cfbb89'), UUID('8ce4bdac-8306-4b07-b065-a2a232c94f47'))
2026-03-25 00:59:11,632 INFO sqlalchemy.engine.Engine SELECT orders.id, orders.tracking_code, orders.order_type, orders.status, orders.warehouse_substatus, orders.customer_id, orders.warehouse_id, orders.assigned_driver_id, orders.assigned_vehicle_id, orders.pickup_addr, orders.delivery_addr, orders.delivery_lat, orders.delivery_lng, orders.cargo_type, orders.vehicle_type, orders.labor_count, orders.base_amount, orders.vehicle_amount, orders.labor_amount, orders.materials_amount, orders.packing_amount, orders.platform_fee, orders.tax_amount, orders.total_amount, orders.payment_mode, orders.payment_status, orders.paid_amount, orders.declared_value, orders.service_otp, orders.service_time_block, orders.scheduled_at, orders.cancel_reason, orders.picking_started_at, orders.picking_completed_at, orders.packing_started_at, orders.packing_completed_at, orders.created_at, orders.updated_at 
FROM orders 
WHERE orders.status IN ($1::VARCHAR, $2::VARCHAR) AND orders.assigned_vehicle_id IS NOT NULL AND orders.assigned_driver_id IS NOT NULL
2026-03-25 00:59:11,632 INFO sqlalchemy.engine.Engine [cached since 16.59s ago] ('ASSIGNED', 'IN_TRANSIT')
2026-03-25 00:59:11,635 INFO sqlalchemy.engine.Engine SELECT users.id, users.name, users.username, users.email, users.phone, users.alt_phone, users.date_of_birth, users.address, users.preferred_language, users.preferred_currency, users.default_payment_method, users.notifications_push, users.notifications_sms, users.notifications_email, users.notifications_geofence, users.notifications_promo, users.privacy_location, users.privacy_analytics, users.privacy_marketing, users.password_hash, users.role_id, users.warehouse_id, users.is_active, users.last_login, users.created_at, users.updated_at 
FROM users 
WHERE users.id IN ($1::UUID)
2026-03-25 00:59:11,637 INFO sqlalchemy.engine.Engine [cached since 16.59s ago] (UUID('8ce4bdac-8306-4b07-b065-a2a232c94f47'),)
INFO:     127.0.0.1:60053 - "GET /api/v1/logistics/drivers/me/dashboard HTTP/1.1" 200 OK
2026-03-25 00:59:11,644 INFO sqlalchemy.engine.Engine COMMIT
2026-03-25 00:59:11,966 INFO sqlalchemy.engine.Engine BEGIN (implicit)
2026-03-25 00:59:11,967 INFO sqlalchemy.engine.Engine SELECT users.id, users.name, users.username, users.email, users.phone, users.alt_phone, users.date_of_birth, users.address, users.preferred_language, users.preferred_currency, users.default_payment_method, users.notifications_push, users.notifications_sms, users.notifications_email, users.notifications_geofence, users.notifications_promo, users.privacy_location, users.privacy_analytics, users.privacy_marketing, users.password_hash, users.role_id, users.warehouse_id, users.is_active, users.last_login, users.created_at, users.updated_at 
FROM users 
WHERE users.id = $1::UUID
2026-03-25 00:59:11,968 INFO sqlalchemy.engine.Engine [cached since 17.11s ago] (UUID('8ce4bdac-8306-4b07-b065-a2a232c94f47'),)
2026-03-25 00:59:11,972 INFO sqlalchemy.engine.Engine SELECT users.id 
FROM users 
WHERE users.id = $1::UUID
2026-03-25 00:59:11,973 INFO sqlalchemy.engine.Engine [cached since 637.9s ago] (UUID('8ce4bdac-8306-4b07-b065-a2a232c94f47'),)
2026-03-25 00:59:11,975 INFO sqlalchemy.engine.Engine SELECT roles.id AS roles_id, roles.name AS roles_name 
FROM roles 
WHERE roles.id = $1::INTEGER
2026-03-25 00:59:11,977 INFO sqlalchemy.engine.Engine [cached since 613s ago] (4,)
2026-03-25 00:59:11,980 INFO sqlalchemy.engine.Engine SELECT logistics_driver_profiles.id, logistics_driver_profiles.user_id, logistics_driver_profiles.warehouse_id, logistics_driver_profiles.status, logistics_driver_profiles.current_location, logistics_driver_profiles.current_job, logistics_driver_profiles.efficiency_score, logistics_driver_profiles.avatar_color, logistics_driver_profiles.chat_history, logistics_driver_profiles.created_at, logistics_driver_profiles.updated_at 
FROM logistics_driver_profiles 
WHERE logistics_driver_profiles.user_id = $1::UUID
2026-03-25 00:59:11,981 INFO sqlalchemy.engine.Engine [cached since 17.04s ago] (UUID('8ce4bdac-8306-4b07-b065-a2a232c94f47'),)
2026-03-25 00:59:11,984 INFO sqlalchemy.engine.Engine SELECT warehouses.id, warehouses.name, warehouses.address, warehouses.lat, warehouses.lng, warehouses.manager_id, warehouses.floor_plan_json, warehouses.capacity_limit, warehouses.is_active, warehouses.created_at, warehouses.updated_at 
FROM warehouses 
WHERE warehouses.id = $1::UUID
2026-03-25 00:59:11,985 INFO sqlalchemy.engine.Engine [cached since 17.02s ago] (UUID('b7345343-13ae-46fe-b467-005bf9cfbb89'),)
2026-03-25 00:59:11,987 INFO sqlalchemy.engine.Engine SELECT orders.id, orders.tracking_code, orders.order_type, orders.status, orders.warehouse_substatus, orders.customer_id, orders.warehouse_id, orders.assigned_driver_id, orders.assigned_vehicle_id, orders.pickup_addr, orders.delivery_addr, orders.delivery_lat, orders.delivery_lng, orders.cargo_type, orders.vehicle_type, orders.labor_count, orders.base_amount, orders.vehicle_amount, orders.labor_amount, orders.materials_amount, orders.packing_amount, orders.platform_fee, orders.tax_amount, orders.total_amount, orders.payment_mode, orders.payment_status, orders.paid_amount, orders.declared_value, orders.service_otp, orders.service_time_block, orders.scheduled_at, orders.cancel_reason, orders.picking_started_at, orders.picking_completed_at, orders.packing_started_at, orders.packing_completed_at, orders.created_at, orders.updated_at 
FROM orders 
WHERE orders.assigned_driver_id = $1::UUID AND (orders.status NOT IN ($2::VARCHAR, $3::VARCHAR)) ORDER BY orders.scheduled_at ASC NULLS LAST, orders.created_at ASC
2026-03-25 00:59:11,989 INFO sqlalchemy.engine.Engine [cached since 17.01s ago] (UUID('8ce4bdac-8306-4b07-b065-a2a232c94f47'), 'DRAFT', 'CANCELLED')
2026-03-25 00:59:11,991 INFO sqlalchemy.engine.Engine SELECT order_items.order_id AS order_items_order_id, order_items.id AS order_items_id, order_items.sku AS order_items_sku, order_items.quantity AS order_items_quantity, order_items.box_count AS order_items_box_count, order_items.estimated_volume AS order_items_estimated_volume, order_items.created_at AS order_items_created_at 
FROM order_items 
WHERE order_items.order_id IN ($1::UUID)
2026-03-25 00:59:11,992 INFO sqlalchemy.engine.Engine [cached since 16.99s ago] (UUID('acc982ee-61cc-4f55-b505-fe9c17374a25'),)
2026-03-25 00:59:11,994 INFO sqlalchemy.engine.Engine SELECT logistics_vehicles.id, logistics_vehicles.code, logistics_vehicles.vehicle_type, logistics_vehicles.warehouse_id, logistics_vehicles.assigned_driver_id, logistics_vehicles.model, logistics_vehicles.year, logistics_vehicles.license_plate, logistics_vehicles.status, logistics_vehicles.fuel_efficiency, logistics_vehicles.mileage, logistics_vehicles.next_service_date, logistics_vehicles.maintenance_issue, logistics_vehicles.created_at, logistics_vehicles.updated_at 
FROM logistics_vehicles 
WHERE logistics_vehicles.id IN ($1::UUID)
2026-03-25 00:59:11,996 INFO sqlalchemy.engine.Engine [cached since 16.98s ago] (UUID('c6568bb2-39b7-44b7-a08f-de2846bd77ea'),)
2026-03-25 00:59:11,999 INFO sqlalchemy.engine.Engine SELECT logistics_vehicles.id, logistics_vehicles.code, logistics_vehicles.vehicle_type, logistics_vehicles.warehouse_id, logistics_vehicles.assigned_driver_id, logistics_vehicles.model, logistics_vehicles.year, logistics_vehicles.license_plate, logistics_vehicles.status, logistics_vehicles.fuel_efficiency, logistics_vehicles.mileage, logistics_vehicles.next_service_date, logistics_vehicles.maintenance_issue, logistics_vehicles.created_at, logistics_vehicles.updated_at 
FROM logistics_vehicles 
WHERE logistics_vehicles.warehouse_id = $1::UUID AND (logistics_vehicles.assigned_driver_id = $2::UUID OR logistics_vehicles.warehouse_id = $3::UUID AND (logistics_vehicles.assigned_driver_id IS NULL OR logistics_vehicles.assigned_driver_id = $4::UUID)) ORDER BY logistics_vehicles.created_at DESC
2026-03-25 00:59:12,000 INFO sqlalchemy.engine.Engine [cached since 16.97s ago] (UUID('b7345343-13ae-46fe-b467-005bf9cfbb89'), UUID('8ce4bdac-8306-4b07-b065-a2a232c94f47'), UUID('b7345343-13ae-46fe-b467-005bf9cfbb89'), UUID('8ce4bdac-8306-4b07-b065-a2a232c94f47'))
2026-03-25 00:59:12,002 INFO sqlalchemy.engine.Engine SELECT orders.id, orders.tracking_code, orders.order_type, orders.status, orders.warehouse_substatus, orders.customer_id, orders.warehouse_id, orders.assigned_driver_id, orders.assigned_vehicle_id, orders.pickup_addr, orders.delivery_addr, orders.delivery_lat, orders.delivery_lng, orders.cargo_type, orders.vehicle_type, orders.labor_count, orders.base_amount, orders.vehicle_amount, orders.labor_amount, orders.materials_amount, orders.packing_amount, orders.platform_fee, orders.tax_amount, orders.total_amount, orders.payment_mode, orders.payment_status, orders.paid_amount, orders.declared_value, orders.service_otp, orders.service_time_block, orders.scheduled_at, orders.cancel_reason, orders.picking_started_at, orders.picking_completed_at, orders.packing_started_at, orders.packing_completed_at, orders.created_at, orders.updated_at 
FROM orders 
WHERE orders.status IN ($1::VARCHAR, $2::VARCHAR) AND orders.assigned_vehicle_id IS NOT NULL AND orders.assigned_driver_id IS NOT NULL
2026-03-25 00:59:12,004 INFO sqlalchemy.engine.Engine [cached since 16.96s ago] ('ASSIGNED', 'IN_TRANSIT')
2026-03-25 00:59:12,007 INFO sqlalchemy.engine.Engine SELECT users.id, users.name, users.username, users.email, users.phone, users.alt_phone, users.date_of_birth, users.address, users.preferred_language, users.preferred_currency, users.default_payment_method, users.notifications_push, users.notifications_sms, users.notifications_email, users.notifications_geofence, users.notifications_promo, users.privacy_location, users.privacy_analytics, users.privacy_marketing, users.password_hash, users.role_id, users.warehouse_id, users.is_active, users.last_login, users.created_at, users.updated_at 
FROM users 
WHERE users.id IN ($1::UUID)
2026-03-25 00:59:12,007 INFO sqlalchemy.engine.Engine [cached since 16.96s ago] (UUID('8ce4bdac-8306-4b07-b065-a2a232c94f47'),)
INFO:     127.0.0.1:60053 - "GET /api/v1/logistics/drivers/me/dashboard HTTP/1.1" 200 OK
2026-03-25 00:59:12,013 INFO sqlalchemy.engine.Engine COMMIT
INFO:     127.0.0.1:60053 - "OPTIONS /api/v1/logistics/vehicles HTTP/1.1" 200 OK
2026-03-25 00:59:12,041 INFO sqlalchemy.engine.Engine BEGIN (implicit)
2026-03-25 00:59:12,042 INFO sqlalchemy.engine.Engine SELECT users.id, users.name, users.username, users.email, users.phone, users.alt_phone, users.date_of_birth, users.address, users.preferred_language, users.preferred_currency, users.default_payment_method, users.notifications_push, users.notifications_sms, users.notifications_email, users.notifications_geofence, users.notifications_promo, users.privacy_location, users.privacy_analytics, users.privacy_marketing, users.password_hash, users.role_id, users.warehouse_id, users.is_active, users.last_login, users.created_at, users.updated_at 
FROM users 
WHERE users.id = $1::UUID
2026-03-25 00:59:12,043 INFO sqlalchemy.engine.Engine [cached since 17.18s ago] (UUID('8ce4bdac-8306-4b07-b065-a2a232c94f47'),)
2026-03-25 00:59:12,045 INFO sqlalchemy.engine.Engine SELECT users.id 
FROM users 
WHERE users.id = $1::UUID
2026-03-25 00:59:12,045 INFO sqlalchemy.engine.Engine [cached since 637.9s ago] (UUID('8ce4bdac-8306-4b07-b065-a2a232c94f47'),)
2026-03-25 00:59:12,049 INFO sqlalchemy.engine.Engine SELECT roles.id AS roles_id, roles.name AS roles_name 
FROM roles 
WHERE roles.id = $1::INTEGER
2026-03-25 00:59:12,050 INFO sqlalchemy.engine.Engine [cached since 613.1s ago] (4,)
2026-03-25 00:59:12,052 INFO sqlalchemy.engine.Engine SELECT logistics_vehicles.id, logistics_vehicles.code, logistics_vehicles.vehicle_type, logistics_vehicles.warehouse_id, logistics_vehicles.assigned_driver_id, logistics_vehicles.model, logistics_vehicles.year, logistics_vehicles.license_plate, logistics_vehicles.status, logistics_vehicles.fuel_efficiency, logistics_vehicles.mileage, logistics_vehicles.next_service_date, logistics_vehicles.maintenance_issue, logistics_vehicles.created_at, logistics_vehicles.updated_at 
FROM logistics_vehicles 
WHERE logistics_vehicles.warehouse_id = $1::UUID AND (logistics_vehicles.assigned_driver_id = $2::UUID OR logistics_vehicles.warehouse_id = $3::UUID AND (logistics_vehicles.assigned_driver_id IS NULL OR logistics_vehicles.assigned_driver_id = $4::UUID)) ORDER BY logistics_vehicles.created_at DESC
2026-03-25 00:59:12,053 INFO sqlalchemy.engine.Engine [cached since 17.02s ago] (UUID('b7345343-13ae-46fe-b467-005bf9cfbb89'), UUID('8ce4bdac-8306-4b07-b065-a2a232c94f47'), UUID('b7345343-13ae-46fe-b467-005bf9cfbb89'), UUID('8ce4bdac-8306-4b07-b065-a2a232c94f47'))
2026-03-25 00:59:12,057 INFO sqlalchemy.engine.Engine SELECT orders.id, orders.tracking_code, orders.order_type, orders.status, orders.warehouse_substatus, orders.customer_id, orders.warehouse_id, orders.assigned_driver_id, orders.assigned_vehicle_id, orders.pickup_addr, orders.delivery_addr, orders.delivery_lat, orders.delivery_lng, orders.cargo_type, orders.vehicle_type, orders.labor_count, orders.base_amount, orders.vehicle_amount, orders.labor_amount, orders.materials_amount, orders.packing_amount, orders.platform_fee, orders.tax_amount, orders.total_amount, orders.payment_mode, orders.payment_status, orders.paid_amount, orders.declared_value, orders.service_otp, orders.service_time_block, orders.scheduled_at, orders.cancel_reason, orders.picking_started_at, orders.picking_completed_at, orders.packing_started_at, orders.packing_completed_at, orders.created_at, orders.updated_at 
FROM orders 
WHERE orders.status IN ($1::VARCHAR, $2::VARCHAR) AND orders.assigned_vehicle_id IS NOT NULL AND orders.assigned_driver_id IS NOT NULL
2026-03-25 00:59:12,058 INFO sqlalchemy.engine.Engine [cached since 17.02s ago] ('ASSIGNED', 'IN_TRANSIT')
2026-03-25 00:59:12,062 INFO sqlalchemy.engine.Engine SELECT users.id, users.name, users.username, users.email, users.phone, users.alt_phone, users.date_of_birth, users.address, users.preferred_language, users.preferred_currency, users.default_payment_method, users.notifications_push, users.notifications_sms, users.notifications_email, users.notifications_geofence, users.notifications_promo, users.privacy_location, users.privacy_analytics, users.privacy_marketing, users.password_hash, users.role_id, users.warehouse_id, users.is_active, users.last_login, users.created_at, users.updated_at 
FROM users 
WHERE users.id IN ($1::UUID)
2026-03-25 00:59:12,063 INFO sqlalchemy.engine.Engine [cached since 17.02s ago] (UUID('8ce4bdac-8306-4b07-b065-a2a232c94f47'),)
INFO:     127.0.0.1:60054 - "GET /api/v1/logistics/vehicles HTTP/1.1" 200 OK
2026-03-25 00:59:12,068 INFO sqlalchemy.engine.Engine COMMIT
INFO:     127.0.0.1:60060 - "OPTIONS /api/v1/logistics/drivers/me/bind-vehicle HTTP/1.1" 200 OK
2026-03-25 00:59:34,853 INFO sqlalchemy.engine.Engine BEGIN (implicit)
2026-03-25 00:59:34,854 INFO sqlalchemy.engine.Engine SELECT users.id, users.name, users.username, users.email, users.phone, users.alt_phone, users.date_of_birth, users.address, users.preferred_language, users.preferred_currency, users.default_payment_method, users.notifications_push, users.notifications_sms, users.notifications_email, users.notifications_geofence, users.notifications_promo, users.privacy_location, users.privacy_analytics, users.privacy_marketing, users.password_hash, users.role_id, users.warehouse_id, users.is_active, users.last_login, users.created_at, users.updated_at 
FROM users 
WHERE users.id = $1::UUID
2026-03-25 00:59:34,855 INFO sqlalchemy.engine.Engine [cached since 40s ago] (UUID('8ce4bdac-8306-4b07-b065-a2a232c94f47'),)
2026-03-25 00:59:34,858 INFO sqlalchemy.engine.Engine SELECT users.id 
FROM users 
WHERE users.id = $1::UUID
2026-03-25 00:59:34,860 INFO sqlalchemy.engine.Engine [cached since 660.8s ago] (UUID('8ce4bdac-8306-4b07-b065-a2a232c94f47'),)
2026-03-25 00:59:34,863 INFO sqlalchemy.engine.Engine SELECT roles.id AS roles_id, roles.name AS roles_name 
FROM roles 
WHERE roles.id = $1::INTEGER
2026-03-25 00:59:34,863 INFO sqlalchemy.engine.Engine [cached since 635.9s ago] (4,)
2026-03-25 00:59:34,869 INFO sqlalchemy.engine.Engine SELECT logistics_vehicles.id, logistics_vehicles.code, logistics_vehicles.vehicle_type, logistics_vehicles.warehouse_id, logistics_vehicles.assigned_driver_id, logistics_vehicles.model, logistics_vehicles.year, logistics_vehicles.license_plate, logistics_vehicles.status, logistics_vehicles.fuel_efficiency, logistics_vehicles.mileage, logistics_vehicles.next_service_date, logistics_vehicles.maintenance_issue, logistics_vehicles.created_at, logistics_vehicles.updated_at 
FROM logistics_vehicles 
WHERE logistics_vehicles.id = $1::UUID
2026-03-25 00:59:34,870 INFO sqlalchemy.engine.Engine [generated in 0.00124s] (UUID('c6568bb2-39b7-44b7-a08f-de2846bd77ea'),)
2026-03-25 00:59:34,874 INFO sqlalchemy.engine.Engine SELECT logistics_driver_profiles.id, logistics_driver_profiles.user_id, logistics_driver_profiles.warehouse_id, logistics_driver_profiles.status, logistics_driver_profiles.current_location, logistics_driver_profiles.current_job, logistics_driver_profiles.efficiency_score, logistics_driver_profiles.avatar_color, logistics_driver_profiles.chat_history, logistics_driver_profiles.created_at, logistics_driver_profiles.updated_at 
FROM logistics_driver_profiles 
WHERE logistics_driver_profiles.user_id = $1::UUID
2026-03-25 00:59:34,876 INFO sqlalchemy.engine.Engine [cached since 39.93s ago] (UUID('8ce4bdac-8306-4b07-b065-a2a232c94f47'),)
2026-03-25 00:59:34,881 INFO sqlalchemy.engine.Engine SELECT orders.id, orders.tracking_code, orders.order_type, orders.status, orders.warehouse_substatus, orders.customer_id, orders.warehouse_id, orders.assigned_driver_id, orders.assigned_vehicle_id, orders.pickup_addr, orders.delivery_addr, orders.delivery_lat, orders.delivery_lng, orders.cargo_type, orders.vehicle_type, orders.labor_count, orders.base_amount, orders.vehicle_amount, orders.labor_amount, orders.materials_amount, orders.packing_amount, orders.platform_fee, orders.tax_amount, orders.total_amount, orders.payment_mode, orders.payment_status, orders.paid_amount, orders.declared_value, orders.service_otp, orders.service_time_block, orders.scheduled_at, orders.cancel_reason, orders.picking_started_at, orders.picking_completed_at, orders.packing_started_at, orders.packing_completed_at, orders.created_at, orders.updated_at 
FROM orders 
WHERE orders.assigned_driver_id = $1::UUID AND (orders.status NOT IN ($2::VARCHAR, $3::VARCHAR, $4::VARCHAR, $5::VARCHAR))
2026-03-25 00:59:34,882 INFO sqlalchemy.engine.Engine [generated in 0.00129s] (UUID('8ce4bdac-8306-4b07-b065-a2a232c94f47'), 'DELIVERED', 'COMPLETED', 'CANCELLED', 'CLOSED')
2026-03-25 00:59:34,888 INFO sqlalchemy.engine.Engine UPDATE logistics_vehicles SET assigned_driver_id=$1::UUID, updated_at=$2::TIMESTAMP WITH TIME ZONE WHERE logistics_vehicles.id = $3::UUID
2026-03-25 00:59:34,889 INFO sqlalchemy.engine.Engine [generated in 0.00117s] (UUID('8ce4bdac-8306-4b07-b065-a2a232c94f47'), datetime.datetime(2026, 3, 24, 19, 29, 34, 888645, tzinfo=datetime.timezone.utc), UUID('c6568bb2-39b7-44b7-a08f-de2846bd77ea'))
INFO:     127.0.0.1:60060 - "POST /api/v1/logistics/drivers/me/bind-vehicle HTTP/1.1" 200 OK
2026-03-25 00:59:34,909 INFO sqlalchemy.engine.Engine COMMIT
2026-03-25 00:59:34,963 INFO sqlalchemy.engine.Engine BEGIN (implicit)
2026-03-25 00:59:34,964 INFO sqlalchemy.engine.Engine SELECT users.id, users.name, users.username, users.email, users.phone, users.alt_phone, users.date_of_birth, users.address, users.preferred_language, users.preferred_currency, users.default_payment_method, users.notifications_push, users.notifications_sms, users.notifications_email, users.notifications_geofence, users.notifications_promo, users.privacy_location, users.privacy_analytics, users.privacy_marketing, users.password_hash, users.role_id, users.warehouse_id, users.is_active, users.last_login, users.created_at, users.updated_at 
FROM users 
WHERE users.id = $1::UUID
2026-03-25 00:59:34,966 INFO sqlalchemy.engine.Engine [cached since 40.11s ago] (UUID('8ce4bdac-8306-4b07-b065-a2a232c94f47'),)
2026-03-25 00:59:34,970 INFO sqlalchemy.engine.Engine SELECT users.id 
FROM users 
WHERE users.id = $1::UUID
2026-03-25 00:59:34,971 INFO sqlalchemy.engine.Engine [cached since 660.9s ago] (UUID('8ce4bdac-8306-4b07-b065-a2a232c94f47'),)
2026-03-25 00:59:34,973 INFO sqlalchemy.engine.Engine SELECT roles.id AS roles_id, roles.name AS roles_name 
FROM roles 
WHERE roles.id = $1::INTEGER
2026-03-25 00:59:34,974 INFO sqlalchemy.engine.Engine [cached since 636s ago] (4,)
2026-03-25 00:59:34,977 INFO sqlalchemy.engine.Engine SELECT logistics_driver_profiles.id, logistics_driver_profiles.user_id, logistics_driver_profiles.warehouse_id, logistics_driver_profiles.status, logistics_driver_profiles.current_location, logistics_driver_profiles.current_job, logistics_driver_profiles.efficiency_score, logistics_driver_profiles.avatar_color, logistics_driver_profiles.chat_history, logistics_driver_profiles.created_at, logistics_driver_profiles.updated_at 
FROM logistics_driver_profiles 
WHERE logistics_driver_profiles.user_id = $1::UUID
2026-03-25 00:59:34,978 INFO sqlalchemy.engine.Engine [cached since 40.04s ago] (UUID('8ce4bdac-8306-4b07-b065-a2a232c94f47'),)
2026-03-25 00:59:34,981 INFO sqlalchemy.engine.Engine SELECT warehouses.id, warehouses.name, warehouses.address, warehouses.lat, warehouses.lng, warehouses.manager_id, warehouses.floor_plan_json, warehouses.capacity_limit, warehouses.is_active, warehouses.created_at, warehouses.updated_at 
FROM warehouses 
WHERE warehouses.id = $1::UUID
2026-03-25 00:59:34,982 INFO sqlalchemy.engine.Engine [cached since 40.02s ago] (UUID('b7345343-13ae-46fe-b467-005bf9cfbb89'),)
2026-03-25 00:59:34,987 INFO sqlalchemy.engine.Engine SELECT orders.id, orders.tracking_code, orders.order_type, orders.status, orders.warehouse_substatus, orders.customer_id, orders.warehouse_id, orders.assigned_driver_id, orders.assigned_vehicle_id, orders.pickup_addr, orders.delivery_addr, orders.delivery_lat, orders.delivery_lng, orders.cargo_type, orders.vehicle_type, orders.labor_count, orders.base_amount, orders.vehicle_amount, orders.labor_amount, orders.materials_amount, orders.packing_amount, orders.platform_fee, orders.tax_amount, orders.total_amount, orders.payment_mode, orders.payment_status, orders.paid_amount, orders.declared_value, orders.service_otp, orders.service_time_block, orders.scheduled_at, orders.cancel_reason, orders.picking_started_at, orders.picking_completed_at, orders.packing_started_at, orders.packing_completed_at, orders.created_at, orders.updated_at 
FROM orders 
WHERE orders.assigned_driver_id = $1::UUID AND (orders.status NOT IN ($2::VARCHAR, $3::VARCHAR)) ORDER BY orders.scheduled_at ASC NULLS LAST, orders.created_at ASC
2026-03-25 00:59:34,988 INFO sqlalchemy.engine.Engine [cached since 40.01s ago] (UUID('8ce4bdac-8306-4b07-b065-a2a232c94f47'), 'DRAFT', 'CANCELLED')
2026-03-25 00:59:34,991 INFO sqlalchemy.engine.Engine SELECT order_items.order_id AS order_items_order_id, order_items.id AS order_items_id, order_items.sku AS order_items_sku, order_items.quantity AS order_items_quantity, order_items.box_count AS order_items_box_count, order_items.estimated_volume AS order_items_estimated_volume, order_items.created_at AS order_items_created_at 
FROM order_items 
WHERE order_items.order_id IN ($1::UUID)
2026-03-25 00:59:34,992 INFO sqlalchemy.engine.Engine [cached since 39.99s ago] (UUID('acc982ee-61cc-4f55-b505-fe9c17374a25'),)
2026-03-25 00:59:34,996 INFO sqlalchemy.engine.Engine SELECT logistics_vehicles.id, logistics_vehicles.code, logistics_vehicles.vehicle_type, logistics_vehicles.warehouse_id, logistics_vehicles.assigned_driver_id, logistics_vehicles.model, logistics_vehicles.year, logistics_vehicles.license_plate, logistics_vehicles.status, logistics_vehicles.fuel_efficiency, logistics_vehicles.mileage, logistics_vehicles.next_service_date, logistics_vehicles.maintenance_issue, logistics_vehicles.created_at, logistics_vehicles.updated_at 
FROM logistics_vehicles 
WHERE logistics_vehicles.id IN ($1::UUID)
2026-03-25 00:59:34,996 INFO sqlalchemy.engine.Engine [cached since 39.98s ago] (UUID('c6568bb2-39b7-44b7-a08f-de2846bd77ea'),)
2026-03-25 00:59:35,001 INFO sqlalchemy.engine.Engine SELECT logistics_vehicles.id, logistics_vehicles.code, logistics_vehicles.vehicle_type, logistics_vehicles.warehouse_id, logistics_vehicles.assigned_driver_id, logistics_vehicles.model, logistics_vehicles.year, logistics_vehicles.license_plate, logistics_vehicles.status, logistics_vehicles.fuel_efficiency, logistics_vehicles.mileage, logistics_vehicles.next_service_date, logistics_vehicles.maintenance_issue, logistics_vehicles.created_at, logistics_vehicles.updated_at 
FROM logistics_vehicles 
WHERE logistics_vehicles.warehouse_id = $1::UUID AND (logistics_vehicles.assigned_driver_id = $2::UUID OR logistics_vehicles.warehouse_id = $3::UUID AND (logistics_vehicles.assigned_driver_id IS NULL OR logistics_vehicles.assigned_driver_id = $4::UUID)) ORDER BY logistics_vehicles.created_at DESC
2026-03-25 00:59:35,002 INFO sqlalchemy.engine.Engine [cached since 39.97s ago] (UUID('b7345343-13ae-46fe-b467-005bf9cfbb89'), UUID('8ce4bdac-8306-4b07-b065-a2a232c94f47'), UUID('b7345343-13ae-46fe-b467-005bf9cfbb89'), UUID('8ce4bdac-8306-4b07-b065-a2a232c94f47'))
2026-03-25 00:59:35,005 INFO sqlalchemy.engine.Engine SELECT orders.id, orders.tracking_code, orders.order_type, orders.status, orders.warehouse_substatus, orders.customer_id, orders.warehouse_id, orders.assigned_driver_id, orders.assigned_vehicle_id, orders.pickup_addr, orders.delivery_addr, orders.delivery_lat, orders.delivery_lng, orders.cargo_type, orders.vehicle_type, orders.labor_count, orders.base_amount, orders.vehicle_amount, orders.labor_amount, orders.materials_amount, orders.packing_amount, orders.platform_fee, orders.tax_amount, orders.total_amount, orders.payment_mode, orders.payment_status, orders.paid_amount, orders.declared_value, orders.service_otp, orders.service_time_block, orders.scheduled_at, orders.cancel_reason, orders.picking_started_at, orders.picking_completed_at, orders.packing_started_at, orders.packing_completed_at, orders.created_at, orders.updated_at 
FROM orders 
WHERE orders.status IN ($1::VARCHAR, $2::VARCHAR) AND orders.assigned_vehicle_id IS NOT NULL AND orders.assigned_driver_id IS NOT NULL
2026-03-25 00:59:35,006 INFO sqlalchemy.engine.Engine [cached since 39.97s ago] ('ASSIGNED', 'IN_TRANSIT')
2026-03-25 00:59:35,009 INFO sqlalchemy.engine.Engine SELECT users.id, users.name, users.username, users.email, users.phone, users.alt_phone, users.date_of_birth, users.address, users.preferred_language, users.preferred_currency, users.default_payment_method, users.notifications_push, users.notifications_sms, users.notifications_email, users.notifications_geofence, users.notifications_promo, users.privacy_location, users.privacy_analytics, users.privacy_marketing, users.password_hash, users.role_id, users.warehouse_id, users.is_active, users.last_login, users.created_at, users.updated_at 
FROM users 
WHERE users.id IN ($1::UUID)
2026-03-25 00:59:35,010 INFO sqlalchemy.engine.Engine [cached since 39.97s ago] (UUID('8ce4bdac-8306-4b07-b065-a2a232c94f47'),)
INFO:     127.0.0.1:60060 - "GET /api/v1/logistics/drivers/me/dashboard HTTP/1.1" 200 OK
2026-03-25 00:59:35,018 INFO sqlalchemy.engine.Engine COMMIT
INFO:     127.0.0.1:60078 - "OPTIONS /api/v1/auth/login HTTP/1.1" 200 OK
2026-03-25 01:00:07,063 INFO sqlalchemy.engine.Engine BEGIN (implicit)
2026-03-25 01:00:07,064 INFO sqlalchemy.engine.Engine SELECT users.id, users.name, users.username, users.email, users.phone, users.alt_phone, users.date_of_birth, users.address, users.preferred_language, users.preferred_currency, users.default_payment_method, users.notifications_push, users.notifications_sms, users.notifications_email, users.notifications_geofence, users.notifications_promo, users.privacy_location, users.privacy_analytics, users.privacy_marketing, users.password_hash, users.role_id, users.warehouse_id, users.is_active, users.last_login, users.created_at, users.updated_at 
FROM users 
WHERE users.email = $1::VARCHAR OR users.username = $2::VARCHAR
2026-03-25 01:00:07,064 INFO sqlalchemy.engine.Engine [cached since 668.7s ago] ('driver1@gmail.com', 'driver1_gmail_com')
2026-03-25 01:00:07,569 INFO sqlalchemy.engine.Engine UPDATE users SET last_login=$1::TIMESTAMP WITH TIME ZONE, updated_at=$2::TIMESTAMP WITH TIME ZONE WHERE users.id = $3::UUID
2026-03-25 01:00:07,570 INFO sqlalchemy.engine.Engine [cached since 668.6s ago] (datetime.datetime(2026, 3, 24, 19, 30, 7, 568244, tzinfo=datetime.timezone.utc), datetime.datetime(2026, 3, 24, 19, 30, 7, 569244, tzinfo=datetime.timezone.utc), UUID('8ce4bdac-8306-4b07-b065-a2a232c94f47'))
2026-03-25 01:00:07,572 INFO sqlalchemy.engine.Engine SELECT users.id 
FROM users 
WHERE users.id = $1::UUID
2026-03-25 01:00:07,573 INFO sqlalchemy.engine.Engine [cached since 693.5s ago] (UUID('8ce4bdac-8306-4b07-b065-a2a232c94f47'),)
2026-03-25 01:00:07,576 INFO sqlalchemy.engine.Engine SELECT roles.id AS roles_id, roles.name AS roles_name 
FROM roles 
WHERE roles.id = $1::INTEGER
2026-03-25 01:00:07,577 INFO sqlalchemy.engine.Engine [cached since 668.6s ago] (4,)
INFO:     127.0.0.1:60078 - "POST /api/v1/auth/login HTTP/1.1" 200 OK
2026-03-25 01:00:07,583 INFO sqlalchemy.engine.Engine COMMIT
INFO:     127.0.0.1:60078 - "OPTIONS /api/v1/auth/me HTTP/1.1" 200 OK
2026-03-25 01:00:07,681 INFO sqlalchemy.engine.Engine BEGIN (implicit)
2026-03-25 01:00:07,682 INFO sqlalchemy.engine.Engine SELECT users.id, users.name, users.username, users.email, users.phone, users.alt_phone, users.date_of_birth, users.address, users.preferred_language, users.preferred_currency, users.default_payment_method, users.notifications_push, users.notifications_sms, users.notifications_email, users.notifications_geofence, users.notifications_promo, users.privacy_location, users.privacy_analytics, users.privacy_marketing, users.password_hash, users.role_id, users.warehouse_id, users.is_active, users.last_login, users.created_at, users.updated_at 
FROM users 
WHERE users.id = $1::UUID
2026-03-25 01:00:07,682 INFO sqlalchemy.engine.Engine [cached since 72.82s ago] (UUID('8ce4bdac-8306-4b07-b065-a2a232c94f47'),)
2026-03-25 01:00:07,685 INFO sqlalchemy.engine.Engine SELECT users.id 
FROM users 
WHERE users.id = $1::UUID
2026-03-25 01:00:07,686 INFO sqlalchemy.engine.Engine [cached since 693.6s ago] (UUID('8ce4bdac-8306-4b07-b065-a2a232c94f47'),)
2026-03-25 01:00:07,688 INFO sqlalchemy.engine.Engine SELECT roles.id AS roles_id, roles.name AS roles_name 
FROM roles 
WHERE roles.id = $1::INTEGER
2026-03-25 01:00:07,689 INFO sqlalchemy.engine.Engine [cached since 668.7s ago] (4,)
INFO:     127.0.0.1:60079 - "GET /api/v1/auth/me HTTP/1.1" 200 OK
2026-03-25 01:00:07,694 INFO sqlalchemy.engine.Engine COMMIT
INFO:     127.0.0.1:60078 - "OPTIONS /api/v1/logistics/drivers/me/dashboard HTTP/1.1" 200 OK
2026-03-25 01:00:07,746 INFO sqlalchemy.engine.Engine BEGIN (implicit)
2026-03-25 01:00:07,748 INFO sqlalchemy.engine.Engine SELECT users.id, users.name, users.username, users.email, users.phone, users.alt_phone, users.date_of_birth, users.address, users.preferred_language, users.preferred_currency, users.default_payment_method, users.notifications_push, users.notifications_sms, users.notifications_email, users.notifications_geofence, users.notifications_promo, users.privacy_location, users.privacy_analytics, users.privacy_marketing, users.password_hash, users.role_id, users.warehouse_id, users.is_active, users.last_login, users.created_at, users.updated_at 
FROM users 
WHERE users.id = $1::UUID
2026-03-25 01:00:07,749 INFO sqlalchemy.engine.Engine [cached since 72.89s ago] (UUID('8ce4bdac-8306-4b07-b065-a2a232c94f47'),)
2026-03-25 01:00:07,752 INFO sqlalchemy.engine.Engine SELECT users.id 
FROM users 
WHERE users.id = $1::UUID
2026-03-25 01:00:07,753 INFO sqlalchemy.engine.Engine [cached since 693.7s ago] (UUID('8ce4bdac-8306-4b07-b065-a2a232c94f47'),)
2026-03-25 01:00:07,755 INFO sqlalchemy.engine.Engine SELECT roles.id AS roles_id, roles.name AS roles_name 
FROM roles 
WHERE roles.id = $1::INTEGER
2026-03-25 01:00:07,756 INFO sqlalchemy.engine.Engine [cached since 668.8s ago] (4,)
2026-03-25 01:00:07,758 INFO sqlalchemy.engine.Engine SELECT logistics_driver_profiles.id, logistics_driver_profiles.user_id, logistics_driver_profiles.warehouse_id, logistics_driver_profiles.status, logistics_driver_profiles.current_location, logistics_driver_profiles.current_job, logistics_driver_profiles.efficiency_score, logistics_driver_profiles.avatar_color, logistics_driver_profiles.chat_history, logistics_driver_profiles.created_at, logistics_driver_profiles.updated_at 
FROM logistics_driver_profiles 
WHERE logistics_driver_profiles.user_id = $1::UUID
2026-03-25 01:00:07,759 INFO sqlalchemy.engine.Engine [cached since 72.82s ago] (UUID('8ce4bdac-8306-4b07-b065-a2a232c94f47'),)
2026-03-25 01:00:07,762 INFO sqlalchemy.engine.Engine SELECT warehouses.id, warehouses.name, warehouses.address, warehouses.lat, warehouses.lng, warehouses.manager_id, warehouses.floor_plan_json, warehouses.capacity_limit, warehouses.is_active, warehouses.created_at, warehouses.updated_at 
FROM warehouses 
WHERE warehouses.id = $1::UUID
2026-03-25 01:00:07,763 INFO sqlalchemy.engine.Engine [cached since 72.8s ago] (UUID('b7345343-13ae-46fe-b467-005bf9cfbb89'),)
2026-03-25 01:00:07,767 INFO sqlalchemy.engine.Engine SELECT orders.id, orders.tracking_code, orders.order_type, orders.status, orders.warehouse_substatus, orders.customer_id, orders.warehouse_id, orders.assigned_driver_id, orders.assigned_vehicle_id, orders.pickup_addr, orders.delivery_addr, orders.delivery_lat, orders.delivery_lng, orders.cargo_type, orders.vehicle_type, orders.labor_count, orders.base_amount, orders.vehicle_amount, orders.labor_amount, orders.materials_amount, orders.packing_amount, orders.platform_fee, orders.tax_amount, orders.total_amount, orders.payment_mode, orders.payment_status, orders.paid_amount, orders.declared_value, orders.service_otp, orders.service_time_block, orders.scheduled_at, orders.cancel_reason, orders.picking_started_at, orders.picking_completed_at, orders.packing_started_at, orders.packing_completed_at, orders.created_at, orders.updated_at 
FROM orders 
WHERE orders.assigned_driver_id = $1::UUID AND (orders.status NOT IN ($2::VARCHAR, $3::VARCHAR)) ORDER BY orders.scheduled_at ASC NULLS LAST, orders.created_at ASC
2026-03-25 01:00:07,768 INFO sqlalchemy.engine.Engine [cached since 72.79s ago] (UUID('8ce4bdac-8306-4b07-b065-a2a232c94f47'), 'DRAFT', 'CANCELLED')
2026-03-25 01:00:07,772 INFO sqlalchemy.engine.Engine SELECT order_items.order_id AS order_items_order_id, order_items.id AS order_items_id, order_items.sku AS order_items_sku, order_items.quantity AS order_items_quantity, order_items.box_count AS order_items_box_count, order_items.estimated_volume AS order_items_estimated_volume, order_items.created_at AS order_items_created_at 
FROM order_items 
WHERE order_items.order_id IN ($1::UUID)
2026-03-25 01:00:07,773 INFO sqlalchemy.engine.Engine [cached since 72.77s ago] (UUID('acc982ee-61cc-4f55-b505-fe9c17374a25'),)
2026-03-25 01:00:07,776 INFO sqlalchemy.engine.Engine SELECT logistics_vehicles.id, logistics_vehicles.code, logistics_vehicles.vehicle_type, logistics_vehicles.warehouse_id, logistics_vehicles.assigned_driver_id, logistics_vehicles.model, logistics_vehicles.year, logistics_vehicles.license_plate, logistics_vehicles.status, logistics_vehicles.fuel_efficiency, logistics_vehicles.mileage, logistics_vehicles.next_service_date, logistics_vehicles.maintenance_issue, logistics_vehicles.created_at, logistics_vehicles.updated_at 
FROM logistics_vehicles 
WHERE logistics_vehicles.id IN ($1::UUID)
2026-03-25 01:00:07,777 INFO sqlalchemy.engine.Engine [cached since 72.76s ago] (UUID('c6568bb2-39b7-44b7-a08f-de2846bd77ea'),)
2026-03-25 01:00:07,780 INFO sqlalchemy.engine.Engine SELECT logistics_vehicles.id, logistics_vehicles.code, logistics_vehicles.vehicle_type, logistics_vehicles.warehouse_id, logistics_vehicles.assigned_driver_id, logistics_vehicles.model, logistics_vehicles.year, logistics_vehicles.license_plate, logistics_vehicles.status, logistics_vehicles.fuel_efficiency, logistics_vehicles.mileage, logistics_vehicles.next_service_date, logistics_vehicles.maintenance_issue, logistics_vehicles.created_at, logistics_vehicles.updated_at 
FROM logistics_vehicles 
WHERE logistics_vehicles.warehouse_id = $1::UUID AND (logistics_vehicles.assigned_driver_id = $2::UUID OR logistics_vehicles.warehouse_id = $3::UUID AND (logistics_vehicles.assigned_driver_id IS NULL OR logistics_vehicles.assigned_driver_id = $4::UUID)) ORDER BY logistics_vehicles.created_at DESC
2026-03-25 01:00:07,781 INFO sqlalchemy.engine.Engine [cached since 72.75s ago] (UUID('b7345343-13ae-46fe-b467-005bf9cfbb89'), UUID('8ce4bdac-8306-4b07-b065-a2a232c94f47'), UUID('b7345343-13ae-46fe-b467-005bf9cfbb89'), UUID('8ce4bdac-8306-4b07-b065-a2a232c94f47'))
2026-03-25 01:00:07,784 INFO sqlalchemy.engine.Engine SELECT orders.id, orders.tracking_code, orders.order_type, orders.status, orders.warehouse_substatus, orders.customer_id, orders.warehouse_id, orders.assigned_driver_id, orders.assigned_vehicle_id, orders.pickup_addr, orders.delivery_addr, orders.delivery_lat, orders.delivery_lng, orders.cargo_type, orders.vehicle_type, orders.labor_count, orders.base_amount, orders.vehicle_amount, orders.labor_amount, orders.materials_amount, orders.packing_amount, orders.platform_fee, orders.tax_amount, orders.total_amount, orders.payment_mode, orders.payment_status, orders.paid_amount, orders.declared_value, orders.service_otp, orders.service_time_block, orders.scheduled_at, orders.cancel_reason, orders.picking_started_at, orders.picking_completed_at, orders.packing_started_at, orders.packing_completed_at, orders.created_at, orders.updated_at 
FROM orders 
WHERE orders.status IN ($1::VARCHAR, $2::VARCHAR) AND orders.assigned_vehicle_id IS NOT NULL AND orders.assigned_driver_id IS NOT NULL
2026-03-25 01:00:07,785 INFO sqlalchemy.engine.Engine [cached since 72.75s ago] ('ASSIGNED', 'IN_TRANSIT')
2026-03-25 01:00:07,787 INFO sqlalchemy.engine.Engine SELECT users.id, users.name, users.username, users.email, users.phone, users.alt_phone, users.date_of_birth, users.address, users.preferred_language, users.preferred_currency, users.default_payment_method, users.notifications_push, users.notifications_sms, users.notifications_email, users.notifications_geofence, users.notifications_promo, users.privacy_location, users.privacy_analytics, users.privacy_marketing, users.password_hash, users.role_id, users.warehouse_id, users.is_active, users.last_login, users.created_at, users.updated_at 
FROM users 
WHERE users.id IN ($1::UUID)
2026-03-25 01:00:07,788 INFO sqlalchemy.engine.Engine [cached since 72.74s ago] (UUID('8ce4bdac-8306-4b07-b065-a2a232c94f47'),)
INFO:     127.0.0.1:60079 - "GET /api/v1/logistics/drivers/me/dashboard HTTP/1.1" 200 OK
2026-03-25 01:00:07,795 INFO sqlalchemy.engine.Engine COMMIT
2026-03-25 01:00:07,930 INFO sqlalchemy.engine.Engine BEGIN (implicit)
2026-03-25 01:00:07,931 INFO sqlalchemy.engine.Engine SELECT users.id, users.name, users.username, users.email, users.phone, users.alt_phone, users.date_of_birth, users.address, users.preferred_language, users.preferred_currency, users.default_payment_method, users.notifications_push, users.notifications_sms, users.notifications_email, users.notifications_geofence, users.notifications_promo, users.privacy_location, users.privacy_analytics, users.privacy_marketing, users.password_hash, users.role_id, users.warehouse_id, users.is_active, users.last_login, users.created_at, users.updated_at 
FROM users 
WHERE users.id = $1::UUID
2026-03-25 01:00:07,932 INFO sqlalchemy.engine.Engine [cached since 73.07s ago] (UUID('8ce4bdac-8306-4b07-b065-a2a232c94f47'),)
2026-03-25 01:00:07,935 INFO sqlalchemy.engine.Engine SELECT users.id 
FROM users 
WHERE users.id = $1::UUID
2026-03-25 01:00:07,936 INFO sqlalchemy.engine.Engine [cached since 693.8s ago] (UUID('8ce4bdac-8306-4b07-b065-a2a232c94f47'),)
2026-03-25 01:00:07,939 INFO sqlalchemy.engine.Engine SELECT roles.id AS roles_id, roles.name AS roles_name 
FROM roles 
WHERE roles.id = $1::INTEGER
2026-03-25 01:00:07,940 INFO sqlalchemy.engine.Engine [cached since 668.9s ago] (4,)
2026-03-25 01:00:07,944 INFO sqlalchemy.engine.Engine SELECT logistics_driver_profiles.id, logistics_driver_profiles.user_id, logistics_driver_profiles.warehouse_id, logistics_driver_profiles.status, logistics_driver_profiles.current_location, logistics_driver_profiles.current_job, logistics_driver_profiles.efficiency_score, logistics_driver_profiles.avatar_color, logistics_driver_profiles.chat_history, logistics_driver_profiles.created_at, logistics_driver_profiles.updated_at 
FROM logistics_driver_profiles 
WHERE logistics_driver_profiles.user_id = $1::UUID
2026-03-25 01:00:07,945 INFO sqlalchemy.engine.Engine [cached since 73s ago] (UUID('8ce4bdac-8306-4b07-b065-a2a232c94f47'),)
2026-03-25 01:00:07,947 INFO sqlalchemy.engine.Engine SELECT warehouses.id, warehouses.name, warehouses.address, warehouses.lat, warehouses.lng, warehouses.manager_id, warehouses.floor_plan_json, warehouses.capacity_limit, warehouses.is_active, warehouses.created_at, warehouses.updated_at 
FROM warehouses 
WHERE warehouses.id = $1::UUID
2026-03-25 01:00:07,948 INFO sqlalchemy.engine.Engine [cached since 72.99s ago] (UUID('b7345343-13ae-46fe-b467-005bf9cfbb89'),)
2026-03-25 01:00:07,951 INFO sqlalchemy.engine.Engine SELECT orders.id, orders.tracking_code, orders.order_type, orders.status, orders.warehouse_substatus, orders.customer_id, orders.warehouse_id, orders.assigned_driver_id, orders.assigned_vehicle_id, orders.pickup_addr, orders.delivery_addr, orders.delivery_lat, orders.delivery_lng, orders.cargo_type, orders.vehicle_type, orders.labor_count, orders.base_amount, orders.vehicle_amount, orders.labor_amount, orders.materials_amount, orders.packing_amount, orders.platform_fee, orders.tax_amount, orders.total_amount, orders.payment_mode, orders.payment_status, orders.paid_amount, orders.declared_value, orders.service_otp, orders.service_time_block, orders.scheduled_at, orders.cancel_reason, orders.picking_started_at, orders.picking_completed_at, orders.packing_started_at, orders.packing_completed_at, orders.created_at, orders.updated_at 
FROM orders 
WHERE orders.assigned_driver_id = $1::UUID AND (orders.status NOT IN ($2::VARCHAR, $3::VARCHAR)) ORDER BY orders.scheduled_at ASC NULLS LAST, orders.created_at ASC
2026-03-25 01:00:07,953 INFO sqlalchemy.engine.Engine [cached since 72.97s ago] (UUID('8ce4bdac-8306-4b07-b065-a2a232c94f47'), 'DRAFT', 'CANCELLED')
2026-03-25 01:00:07,955 INFO sqlalchemy.engine.Engine SELECT order_items.order_id AS order_items_order_id, order_items.id AS order_items_id, order_items.sku AS order_items_sku, order_items.quantity AS order_items_quantity, order_items.box_count AS order_items_box_count, order_items.estimated_volume AS order_items_estimated_volume, order_items.created_at AS order_items_created_at 
FROM order_items 
WHERE order_items.order_id IN ($1::UUID)
2026-03-25 01:00:07,956 INFO sqlalchemy.engine.Engine [cached since 72.95s ago] (UUID('acc982ee-61cc-4f55-b505-fe9c17374a25'),)
2026-03-25 01:00:07,959 INFO sqlalchemy.engine.Engine SELECT logistics_vehicles.id, logistics_vehicles.code, logistics_vehicles.vehicle_type, logistics_vehicles.warehouse_id, logistics_vehicles.assigned_driver_id, logistics_vehicles.model, logistics_vehicles.year, logistics_vehicles.license_plate, logistics_vehicles.status, logistics_vehicles.fuel_efficiency, logistics_vehicles.mileage, logistics_vehicles.next_service_date, logistics_vehicles.maintenance_issue, logistics_vehicles.created_at, logistics_vehicles.updated_at 
FROM logistics_vehicles 
WHERE logistics_vehicles.id IN ($1::UUID)
2026-03-25 01:00:07,961 INFO sqlalchemy.engine.Engine [cached since 72.94s ago] (UUID('c6568bb2-39b7-44b7-a08f-de2846bd77ea'),)
2026-03-25 01:00:07,963 INFO sqlalchemy.engine.Engine SELECT logistics_vehicles.id, logistics_vehicles.code, logistics_vehicles.vehicle_type, logistics_vehicles.warehouse_id, logistics_vehicles.assigned_driver_id, logistics_vehicles.model, logistics_vehicles.year, logistics_vehicles.license_plate, logistics_vehicles.status, logistics_vehicles.fuel_efficiency, logistics_vehicles.mileage, logistics_vehicles.next_service_date, logistics_vehicles.maintenance_issue, logistics_vehicles.created_at, logistics_vehicles.updated_at 
FROM logistics_vehicles 
WHERE logistics_vehicles.warehouse_id = $1::UUID AND (logistics_vehicles.assigned_driver_id = $2::UUID OR logistics_vehicles.warehouse_id = $3::UUID AND (logistics_vehicles.assigned_driver_id IS NULL OR logistics_vehicles.assigned_driver_id = $4::UUID)) ORDER BY logistics_vehicles.created_at DESC
2026-03-25 01:00:07,965 INFO sqlalchemy.engine.Engine [cached since 72.93s ago] (UUID('b7345343-13ae-46fe-b467-005bf9cfbb89'), UUID('8ce4bdac-8306-4b07-b065-a2a232c94f47'), UUID('b7345343-13ae-46fe-b467-005bf9cfbb89'), UUID('8ce4bdac-8306-4b07-b065-a2a232c94f47'))
2026-03-25 01:00:07,968 INFO sqlalchemy.engine.Engine SELECT orders.id, orders.tracking_code, orders.order_type, orders.status, orders.warehouse_substatus, orders.customer_id, orders.warehouse_id, orders.assigned_driver_id, orders.assigned_vehicle_id, orders.pickup_addr, orders.delivery_addr, orders.delivery_lat, orders.delivery_lng, orders.cargo_type, orders.vehicle_type, orders.labor_count, orders.base_amount, orders.vehicle_amount, orders.labor_amount, orders.materials_amount, orders.packing_amount, orders.platform_fee, orders.tax_amount, orders.total_amount, orders.payment_mode, orders.payment_status, orders.paid_amount, orders.declared_value, orders.service_otp, orders.service_time_block, orders.scheduled_at, orders.cancel_reason, orders.picking_started_at, orders.picking_completed_at, orders.packing_started_at, orders.packing_completed_at, orders.created_at, orders.updated_at 
FROM orders 
WHERE orders.status IN ($1::VARCHAR, $2::VARCHAR) AND orders.assigned_vehicle_id IS NOT NULL AND orders.assigned_driver_id IS NOT NULL
2026-03-25 01:00:07,969 INFO sqlalchemy.engine.Engine [cached since 72.93s ago] ('ASSIGNED', 'IN_TRANSIT')
2026-03-25 01:00:07,971 INFO sqlalchemy.engine.Engine SELECT users.id, users.name, users.username, users.email, users.phone, users.alt_phone, users.date_of_birth, users.address, users.preferred_language, users.preferred_currency, users.default_payment_method, users.notifications_push, users.notifications_sms, users.notifications_email, users.notifications_geofence, users.notifications_promo, users.privacy_location, users.privacy_analytics, users.privacy_marketing, users.password_hash, users.role_id, users.warehouse_id, users.is_active, users.last_login, users.created_at, users.updated_at 
FROM users 
WHERE users.id IN ($1::UUID)
2026-03-25 01:00:07,973 INFO sqlalchemy.engine.Engine [cached since 72.93s ago] (UUID('8ce4bdac-8306-4b07-b065-a2a232c94f47'),)
INFO:     127.0.0.1:60079 - "GET /api/v1/logistics/drivers/me/dashboard HTTP/1.1" 200 OK
2026-03-25 01:00:07,979 INFO sqlalchemy.engine.Engine COMMIT
INFO:     127.0.0.1:60079 - "OPTIONS /api/v1/logistics/drivers/me/shift/start HTTP/1.1" 200 OK
2026-03-25 01:00:09,494 INFO sqlalchemy.engine.Engine BEGIN (implicit)
2026-03-25 01:00:09,495 INFO sqlalchemy.engine.Engine SELECT users.id, users.name, users.username, users.email, users.phone, users.alt_phone, users.date_of_birth, users.address, users.preferred_language, users.preferred_currency, users.default_payment_method, users.notifications_push, users.notifications_sms, users.notifications_email, users.notifications_geofence, users.notifications_promo, users.privacy_location, users.privacy_analytics, users.privacy_marketing, users.password_hash, users.role_id, users.warehouse_id, users.is_active, users.last_login, users.created_at, users.updated_at 
FROM users 
WHERE users.id = $1::UUID
2026-03-25 01:00:09,497 INFO sqlalchemy.engine.Engine [cached since 74.64s ago] (UUID('8ce4bdac-8306-4b07-b065-a2a232c94f47'),)
2026-03-25 01:00:09,500 INFO sqlalchemy.engine.Engine SELECT users.id 
FROM users 
WHERE users.id = $1::UUID
2026-03-25 01:00:09,501 INFO sqlalchemy.engine.Engine [cached since 695.4s ago] (UUID('8ce4bdac-8306-4b07-b065-a2a232c94f47'),)
2026-03-25 01:00:09,503 INFO sqlalchemy.engine.Engine SELECT roles.id AS roles_id, roles.name AS roles_name 
FROM roles 
WHERE roles.id = $1::INTEGER
2026-03-25 01:00:09,504 INFO sqlalchemy.engine.Engine [cached since 670.5s ago] (4,)
2026-03-25 01:00:09,507 INFO sqlalchemy.engine.Engine SELECT logistics_driver_profiles.id, logistics_driver_profiles.user_id, logistics_driver_profiles.warehouse_id, logistics_driver_profiles.status, logistics_driver_profiles.current_location, logistics_driver_profiles.current_job, logistics_driver_profiles.efficiency_score, logistics_driver_profiles.avatar_color, logistics_driver_profiles.chat_history, logistics_driver_profiles.created_at, logistics_driver_profiles.updated_at 
FROM logistics_driver_profiles 
WHERE logistics_driver_profiles.user_id = $1::UUID
2026-03-25 01:00:09,508 INFO sqlalchemy.engine.Engine [cached since 74.57s ago] (UUID('8ce4bdac-8306-4b07-b065-a2a232c94f47'),)
2026-03-25 01:00:09,511 INFO sqlalchemy.engine.Engine SELECT orders.id, orders.tracking_code, orders.order_type, orders.status, orders.warehouse_substatus, orders.customer_id, orders.warehouse_id, orders.assigned_driver_id, orders.assigned_vehicle_id, orders.pickup_addr, orders.delivery_addr, orders.delivery_lat, orders.delivery_lng, orders.cargo_type, orders.vehicle_type, orders.labor_count, orders.base_amount, orders.vehicle_amount, orders.labor_amount, orders.materials_amount, orders.packing_amount, orders.platform_fee, orders.tax_amount, orders.total_amount, orders.payment_mode, orders.payment_status, orders.paid_amount, orders.declared_value, orders.service_otp, orders.service_time_block, orders.scheduled_at, orders.cancel_reason, orders.picking_started_at, orders.picking_completed_at, orders.packing_started_at, orders.packing_completed_at, orders.created_at, orders.updated_at 
FROM orders 
WHERE orders.assigned_driver_id = $1::UUID AND (orders.status NOT IN ($2::VARCHAR, $3::VARCHAR)) ORDER BY orders.scheduled_at ASC NULLS LAST, orders.created_at ASC
2026-03-25 01:00:09,513 INFO sqlalchemy.engine.Engine [cached since 74.53s ago] (UUID('8ce4bdac-8306-4b07-b065-a2a232c94f47'), 'DRAFT', 'CANCELLED')
2026-03-25 01:00:09,516 INFO sqlalchemy.engine.Engine SELECT order_items.order_id AS order_items_order_id, order_items.id AS order_items_id, order_items.sku AS order_items_sku, order_items.quantity AS order_items_quantity, order_items.box_count AS order_items_box_count, order_items.estimated_volume AS order_items_estimated_volume, order_items.created_at AS order_items_created_at 
FROM order_items 
WHERE order_items.order_id IN ($1::UUID)
2026-03-25 01:00:09,516 INFO sqlalchemy.engine.Engine [cached since 74.51s ago] (UUID('acc982ee-61cc-4f55-b505-fe9c17374a25'),)
2026-03-25 01:00:09,521 INFO sqlalchemy.engine.Engine UPDATE users SET last_login=$1::TIMESTAMP WITH TIME ZONE, updated_at=$2::TIMESTAMP WITH TIME ZONE WHERE users.id = $3::UUID
2026-03-25 01:00:09,522 INFO sqlalchemy.engine.Engine [cached since 670.5s ago] (datetime.datetime(2026, 3, 24, 19, 30, 9, 510742, tzinfo=datetime.timezone.utc), datetime.datetime(2026, 3, 24, 19, 30, 9, 521266, tzinfo=datetime.timezone.utc), UUID('8ce4bdac-8306-4b07-b065-a2a232c94f47'))
INFO:     127.0.0.1:60079 - "POST /api/v1/logistics/drivers/me/shift/start HTTP/1.1" 200 OK
2026-03-25 01:00:09,529 INFO sqlalchemy.engine.Engine COMMIT
2026-03-25 01:00:09,584 INFO sqlalchemy.engine.Engine BEGIN (implicit)
2026-03-25 01:00:09,585 INFO sqlalchemy.engine.Engine SELECT users.id, users.name, users.username, users.email, users.phone, users.alt_phone, users.date_of_birth, users.address, users.preferred_language, users.preferred_currency, users.default_payment_method, users.notifications_push, users.notifications_sms, users.notifications_email, users.notifications_geofence, users.notifications_promo, users.privacy_location, users.privacy_analytics, users.privacy_marketing, users.password_hash, users.role_id, users.warehouse_id, users.is_active, users.last_login, users.created_at, users.updated_at 
FROM users 
WHERE users.id = $1::UUID
2026-03-25 01:00:09,585 INFO sqlalchemy.engine.Engine [cached since 74.73s ago] (UUID('8ce4bdac-8306-4b07-b065-a2a232c94f47'),)
2026-03-25 01:00:09,589 INFO sqlalchemy.engine.Engine SELECT users.id 
FROM users 
WHERE users.id = $1::UUID
2026-03-25 01:00:09,589 INFO sqlalchemy.engine.Engine [cached since 695.5s ago] (UUID('8ce4bdac-8306-4b07-b065-a2a232c94f47'),)
2026-03-25 01:00:09,592 INFO sqlalchemy.engine.Engine SELECT roles.id AS roles_id, roles.name AS roles_name 
FROM roles 
WHERE roles.id = $1::INTEGER
2026-03-25 01:00:09,593 INFO sqlalchemy.engine.Engine [cached since 670.6s ago] (4,)
2026-03-25 01:00:09,595 INFO sqlalchemy.engine.Engine SELECT logistics_driver_profiles.id, logistics_driver_profiles.user_id, logistics_driver_profiles.warehouse_id, logistics_driver_profiles.status, logistics_driver_profiles.current_location, logistics_driver_profiles.current_job, logistics_driver_profiles.efficiency_score, logistics_driver_profiles.avatar_color, logistics_driver_profiles.chat_history, logistics_driver_profiles.created_at, logistics_driver_profiles.updated_at 
FROM logistics_driver_profiles 
WHERE logistics_driver_profiles.user_id = $1::UUID
2026-03-25 01:00:09,597 INFO sqlalchemy.engine.Engine [cached since 74.66s ago] (UUID('8ce4bdac-8306-4b07-b065-a2a232c94f47'),)
2026-03-25 01:00:09,600 INFO sqlalchemy.engine.Engine SELECT warehouses.id, warehouses.name, warehouses.address, warehouses.lat, warehouses.lng, warehouses.manager_id, warehouses.floor_plan_json, warehouses.capacity_limit, warehouses.is_active, warehouses.created_at, warehouses.updated_at 
FROM warehouses 
WHERE warehouses.id = $1::UUID
2026-03-25 01:00:09,601 INFO sqlalchemy.engine.Engine [cached since 74.64s ago] (UUID('b7345343-13ae-46fe-b467-005bf9cfbb89'),)
2026-03-25 01:00:09,604 INFO sqlalchemy.engine.Engine SELECT orders.id, orders.tracking_code, orders.order_type, orders.status, orders.warehouse_substatus, orders.customer_id, orders.warehouse_id, orders.assigned_driver_id, orders.assigned_vehicle_id, orders.pickup_addr, orders.delivery_addr, orders.delivery_lat, orders.delivery_lng, orders.cargo_type, orders.vehicle_type, orders.labor_count, orders.base_amount, orders.vehicle_amount, orders.labor_amount, orders.materials_amount, orders.packing_amount, orders.platform_fee, orders.tax_amount, orders.total_amount, orders.payment_mode, orders.payment_status, orders.paid_amount, orders.declared_value, orders.service_otp, orders.service_time_block, orders.scheduled_at, orders.cancel_reason, orders.picking_started_at, orders.picking_completed_at, orders.packing_started_at, orders.packing_completed_at, orders.created_at, orders.updated_at 
FROM orders 
WHERE orders.assigned_driver_id = $1::UUID AND (orders.status NOT IN ($2::VARCHAR, $3::VARCHAR)) ORDER BY orders.scheduled_at ASC NULLS LAST, orders.created_at ASC
2026-03-25 01:00:09,604 INFO sqlalchemy.engine.Engine [cached since 74.63s ago] (UUID('8ce4bdac-8306-4b07-b065-a2a232c94f47'), 'DRAFT', 'CANCELLED')
2026-03-25 01:00:09,608 INFO sqlalchemy.engine.Engine SELECT order_items.order_id AS order_items_order_id, order_items.id AS order_items_id, order_items.sku AS order_items_sku, order_items.quantity AS order_items_quantity, order_items.box_count AS order_items_box_count, order_items.estimated_volume AS order_items_estimated_volume, order_items.created_at AS order_items_created_at 
FROM order_items 
WHERE order_items.order_id IN ($1::UUID)
2026-03-25 01:00:09,609 INFO sqlalchemy.engine.Engine [cached since 74.6s ago] (UUID('acc982ee-61cc-4f55-b505-fe9c17374a25'),)
2026-03-25 01:00:09,611 INFO sqlalchemy.engine.Engine SELECT logistics_vehicles.id, logistics_vehicles.code, logistics_vehicles.vehicle_type, logistics_vehicles.warehouse_id, logistics_vehicles.assigned_driver_id, logistics_vehicles.model, logistics_vehicles.year, logistics_vehicles.license_plate, logistics_vehicles.status, logistics_vehicles.fuel_efficiency, logistics_vehicles.mileage, logistics_vehicles.next_service_date, logistics_vehicles.maintenance_issue, logistics_vehicles.created_at, logistics_vehicles.updated_at 
FROM logistics_vehicles 
WHERE logistics_vehicles.id IN ($1::UUID)
2026-03-25 01:00:09,613 INFO sqlalchemy.engine.Engine [cached since 74.59s ago] (UUID('c6568bb2-39b7-44b7-a08f-de2846bd77ea'),)
2026-03-25 01:00:09,615 INFO sqlalchemy.engine.Engine SELECT logistics_vehicles.id, logistics_vehicles.code, logistics_vehicles.vehicle_type, logistics_vehicles.warehouse_id, logistics_vehicles.assigned_driver_id, logistics_vehicles.model, logistics_vehicles.year, logistics_vehicles.license_plate, logistics_vehicles.status, logistics_vehicles.fuel_efficiency, logistics_vehicles.mileage, logistics_vehicles.next_service_date, logistics_vehicles.maintenance_issue, logistics_vehicles.created_at, logistics_vehicles.updated_at 
FROM logistics_vehicles 
WHERE logistics_vehicles.warehouse_id = $1::UUID AND (logistics_vehicles.assigned_driver_id = $2::UUID OR logistics_vehicles.warehouse_id = $3::UUID AND (logistics_vehicles.assigned_driver_id IS NULL OR logistics_vehicles.assigned_driver_id = $4::UUID)) ORDER BY logistics_vehicles.created_at DESC
2026-03-25 01:00:09,616 INFO sqlalchemy.engine.Engine [cached since 74.58s ago] (UUID('b7345343-13ae-46fe-b467-005bf9cfbb89'), UUID('8ce4bdac-8306-4b07-b065-a2a232c94f47'), UUID('b7345343-13ae-46fe-b467-005bf9cfbb89'), UUID('8ce4bdac-8306-4b07-b065-a2a232c94f47'))
2026-03-25 01:00:09,619 INFO sqlalchemy.engine.Engine SELECT orders.id, orders.tracking_code, orders.order_type, orders.status, orders.warehouse_substatus, orders.customer_id, orders.warehouse_id, orders.assigned_driver_id, orders.assigned_vehicle_id, orders.pickup_addr, orders.delivery_addr, orders.delivery_lat, orders.delivery_lng, orders.cargo_type, orders.vehicle_type, orders.labor_count, orders.base_amount, orders.vehicle_amount, orders.labor_amount, orders.materials_amount, orders.packing_amount, orders.platform_fee, orders.tax_amount, orders.total_amount, orders.payment_mode, orders.payment_status, orders.paid_amount, orders.declared_value, orders.service_otp, orders.service_time_block, orders.scheduled_at, orders.cancel_reason, orders.picking_started_at, orders.picking_completed_at, orders.packing_started_at, orders.packing_completed_at, orders.created_at, orders.updated_at 
FROM orders 
WHERE orders.status IN ($1::VARCHAR, $2::VARCHAR) AND orders.assigned_vehicle_id IS NOT NULL AND orders.assigned_driver_id IS NOT NULL
2026-03-25 01:00:09,620 INFO sqlalchemy.engine.Engine [cached since 74.58s ago] ('ASSIGNED', 'IN_TRANSIT')
2026-03-25 01:00:09,623 INFO sqlalchemy.engine.Engine SELECT users.id, users.name, users.username, users.email, users.phone, users.alt_phone, users.date_of_birth, users.address, users.preferred_language, users.preferred_currency, users.default_payment_method, users.notifications_push, users.notifications_sms, users.notifications_email, users.notifications_geofence, users.notifications_promo, users.privacy_location, users.privacy_analytics, users.privacy_marketing, users.password_hash, users.role_id, users.warehouse_id, users.is_active, users.last_login, users.created_at, users.updated_at 
FROM users 
WHERE users.id IN ($1::UUID)
2026-03-25 01:00:09,624 INFO sqlalchemy.engine.Engine [cached since 74.58s ago] (UUID('8ce4bdac-8306-4b07-b065-a2a232c94f47'),)
INFO:     127.0.0.1:60079 - "GET /api/v1/logistics/drivers/me/dashboard HTTP/1.1" 200 OK
2026-03-25 01:00:09,631 INFO sqlalchemy.engine.Engine COMMIT
2026-03-25 01:00:09,950 INFO sqlalchemy.engine.Engine BEGIN (implicit)
2026-03-25 01:00:09,951 INFO sqlalchemy.engine.Engine SELECT users.id, users.name, users.username, users.email, users.phone, users.alt_phone, users.date_of_birth, users.address, users.preferred_language, users.preferred_currency, users.default_payment_method, users.notifications_push, users.notifications_sms, users.notifications_email, users.notifications_geofence, users.notifications_promo, users.privacy_location, users.privacy_analytics, users.privacy_marketing, users.password_hash, users.role_id, users.warehouse_id, users.is_active, users.last_login, users.created_at, users.updated_at 
FROM users 
WHERE users.id = $1::UUID
2026-03-25 01:00:09,952 INFO sqlalchemy.engine.Engine [cached since 75.09s ago] (UUID('8ce4bdac-8306-4b07-b065-a2a232c94f47'),)
2026-03-25 01:00:09,954 INFO sqlalchemy.engine.Engine SELECT users.id 
FROM users 
WHERE users.id = $1::UUID
2026-03-25 01:00:09,956 INFO sqlalchemy.engine.Engine [cached since 695.9s ago] (UUID('8ce4bdac-8306-4b07-b065-a2a232c94f47'),)
2026-03-25 01:00:09,958 INFO sqlalchemy.engine.Engine SELECT roles.id AS roles_id, roles.name AS roles_name 
FROM roles 
WHERE roles.id = $1::INTEGER
2026-03-25 01:00:09,959 INFO sqlalchemy.engine.Engine [cached since 671s ago] (4,)
2026-03-25 01:00:09,963 INFO sqlalchemy.engine.Engine SELECT logistics_driver_profiles.id, logistics_driver_profiles.user_id, logistics_driver_profiles.warehouse_id, logistics_driver_profiles.status, logistics_driver_profiles.current_location, logistics_driver_profiles.current_job, logistics_driver_profiles.efficiency_score, logistics_driver_profiles.avatar_color, logistics_driver_profiles.chat_history, logistics_driver_profiles.created_at, logistics_driver_profiles.updated_at 
FROM logistics_driver_profiles 
WHERE logistics_driver_profiles.user_id = $1::UUID
2026-03-25 01:00:09,963 INFO sqlalchemy.engine.Engine [cached since 75.02s ago] (UUID('8ce4bdac-8306-4b07-b065-a2a232c94f47'),)
2026-03-25 01:00:09,965 INFO sqlalchemy.engine.Engine SELECT warehouses.id, warehouses.name, warehouses.address, warehouses.lat, warehouses.lng, warehouses.manager_id, warehouses.floor_plan_json, warehouses.capacity_limit, warehouses.is_active, warehouses.created_at, warehouses.updated_at 
FROM warehouses 
WHERE warehouses.id = $1::UUID
2026-03-25 01:00:09,968 INFO sqlalchemy.engine.Engine [cached since 75.01s ago] (UUID('b7345343-13ae-46fe-b467-005bf9cfbb89'),)
2026-03-25 01:00:09,970 INFO sqlalchemy.engine.Engine SELECT orders.id, orders.tracking_code, orders.order_type, orders.status, orders.warehouse_substatus, orders.customer_id, orders.warehouse_id, orders.assigned_driver_id, orders.assigned_vehicle_id, orders.pickup_addr, orders.delivery_addr, orders.delivery_lat, orders.delivery_lng, orders.cargo_type, orders.vehicle_type, orders.labor_count, orders.base_amount, orders.vehicle_amount, orders.labor_amount, orders.materials_amount, orders.packing_amount, orders.platform_fee, orders.tax_amount, orders.total_amount, orders.payment_mode, orders.payment_status, orders.paid_amount, orders.declared_value, orders.service_otp, orders.service_time_block, orders.scheduled_at, orders.cancel_reason, orders.picking_started_at, orders.picking_completed_at, orders.packing_started_at, orders.packing_completed_at, orders.created_at, orders.updated_at 
FROM orders 
WHERE orders.assigned_driver_id = $1::UUID AND (orders.status NOT IN ($2::VARCHAR, $3::VARCHAR)) ORDER BY orders.scheduled_at ASC NULLS LAST, orders.created_at ASC
2026-03-25 01:00:09,971 INFO sqlalchemy.engine.Engine [cached since 74.99s ago] (UUID('8ce4bdac-8306-4b07-b065-a2a232c94f47'), 'DRAFT', 'CANCELLED')
2026-03-25 01:00:09,974 INFO sqlalchemy.engine.Engine SELECT order_items.order_id AS order_items_order_id, order_items.id AS order_items_id, order_items.sku AS order_items_sku, order_items.quantity AS order_items_quantity, order_items.box_count AS order_items_box_count, order_items.estimated_volume AS order_items_estimated_volume, order_items.created_at AS order_items_created_at 
FROM order_items 
WHERE order_items.order_id IN ($1::UUID)
2026-03-25 01:00:09,975 INFO sqlalchemy.engine.Engine [cached since 74.97s ago] (UUID('acc982ee-61cc-4f55-b505-fe9c17374a25'),)
2026-03-25 01:00:09,979 INFO sqlalchemy.engine.Engine SELECT logistics_vehicles.id, logistics_vehicles.code, logistics_vehicles.vehicle_type, logistics_vehicles.warehouse_id, logistics_vehicles.assigned_driver_id, logistics_vehicles.model, logistics_vehicles.year, logistics_vehicles.license_plate, logistics_vehicles.status, logistics_vehicles.fuel_efficiency, logistics_vehicles.mileage, logistics_vehicles.next_service_date, logistics_vehicles.maintenance_issue, logistics_vehicles.created_at, logistics_vehicles.updated_at 
FROM logistics_vehicles 
WHERE logistics_vehicles.id IN ($1::UUID)
2026-03-25 01:00:09,980 INFO sqlalchemy.engine.Engine [cached since 74.96s ago] (UUID('c6568bb2-39b7-44b7-a08f-de2846bd77ea'),)
2026-03-25 01:00:09,983 INFO sqlalchemy.engine.Engine SELECT logistics_vehicles.id, logistics_vehicles.code, logistics_vehicles.vehicle_type, logistics_vehicles.warehouse_id, logistics_vehicles.assigned_driver_id, logistics_vehicles.model, logistics_vehicles.year, logistics_vehicles.license_plate, logistics_vehicles.status, logistics_vehicles.fuel_efficiency, logistics_vehicles.mileage, logistics_vehicles.next_service_date, logistics_vehicles.maintenance_issue, logistics_vehicles.created_at, logistics_vehicles.updated_at 
FROM logistics_vehicles 
WHERE logistics_vehicles.warehouse_id = $1::UUID AND (logistics_vehicles.assigned_driver_id = $2::UUID OR logistics_vehicles.warehouse_id = $3::UUID AND (logistics_vehicles.assigned_driver_id IS NULL OR logistics_vehicles.assigned_driver_id = $4::UUID)) ORDER BY logistics_vehicles.created_at DESC
2026-03-25 01:00:09,983 INFO sqlalchemy.engine.Engine [cached since 74.95s ago] (UUID('b7345343-13ae-46fe-b467-005bf9cfbb89'), UUID('8ce4bdac-8306-4b07-b065-a2a232c94f47'), UUID('b7345343-13ae-46fe-b467-005bf9cfbb89'), UUID('8ce4bdac-8306-4b07-b065-a2a232c94f47'))
2026-03-25 01:00:09,987 INFO sqlalchemy.engine.Engine SELECT orders.id, orders.tracking_code, orders.order_type, orders.status, orders.warehouse_substatus, orders.customer_id, orders.warehouse_id, orders.assigned_driver_id, orders.assigned_vehicle_id, orders.pickup_addr, orders.delivery_addr, orders.delivery_lat, orders.delivery_lng, orders.cargo_type, orders.vehicle_type, orders.labor_count, orders.base_amount, orders.vehicle_amount, orders.labor_amount, orders.materials_amount, orders.packing_amount, orders.platform_fee, orders.tax_amount, orders.total_amount, orders.payment_mode, orders.payment_status, orders.paid_amount, orders.declared_value, orders.service_otp, orders.service_time_block, orders.scheduled_at, orders.cancel_reason, orders.picking_started_at, orders.picking_completed_at, orders.packing_started_at, orders.packing_completed_at, orders.created_at, orders.updated_at 
FROM orders 
WHERE orders.status IN ($1::VARCHAR, $2::VARCHAR) AND orders.assigned_vehicle_id IS NOT NULL AND orders.assigned_driver_id IS NOT NULL
2026-03-25 01:00:09,988 INFO sqlalchemy.engine.Engine [cached since 74.95s ago] ('ASSIGNED', 'IN_TRANSIT')
2026-03-25 01:00:09,991 INFO sqlalchemy.engine.Engine SELECT users.id, users.name, users.username, users.email, users.phone, users.alt_phone, users.date_of_birth, users.address, users.preferred_language, users.preferred_currency, users.default_payment_method, users.notifications_push, users.notifications_sms, users.notifications_email, users.notifications_geofence, users.notifications_promo, users.privacy_location, users.privacy_analytics, users.privacy_marketing, users.password_hash, users.role_id, users.warehouse_id, users.is_active, users.last_login, users.created_at, users.updated_at 
FROM users 
WHERE users.id IN ($1::UUID)
2026-03-25 01:00:09,992 INFO sqlalchemy.engine.Engine [cached since 74.95s ago] (UUID('8ce4bdac-8306-4b07-b065-a2a232c94f47'),)
INFO:     127.0.0.1:60079 - "GET /api/v1/logistics/drivers/me/dashboard HTTP/1.1" 200 OK
2026-03-25 01:00:09,999 INFO sqlalchemy.engine.Engine COMMIT
INFO:     127.0.0.1:60079 - "OPTIONS /api/v1/logistics/vehicles HTTP/1.1" 200 OK
2026-03-25 01:00:10,024 INFO sqlalchemy.engine.Engine BEGIN (implicit)
2026-03-25 01:00:10,026 INFO sqlalchemy.engine.Engine SELECT users.id, users.name, users.username, users.email, users.phone, users.alt_phone, users.date_of_birth, users.address, users.preferred_language, users.preferred_currency, users.default_payment_method, users.notifications_push, users.notifications_sms, users.notifications_email, users.notifications_geofence, users.notifications_promo, users.privacy_location, users.privacy_analytics, users.privacy_marketing, users.password_hash, users.role_id, users.warehouse_id, users.is_active, users.last_login, users.created_at, users.updated_at 
FROM users 
WHERE users.id = $1::UUID
2026-03-25 01:00:10,027 INFO sqlalchemy.engine.Engine [cached since 75.17s ago] (UUID('8ce4bdac-8306-4b07-b065-a2a232c94f47'),)
2026-03-25 01:00:10,029 INFO sqlalchemy.engine.Engine SELECT users.id 
FROM users 
WHERE users.id = $1::UUID
2026-03-25 01:00:10,031 INFO sqlalchemy.engine.Engine [cached since 695.9s ago] (UUID('8ce4bdac-8306-4b07-b065-a2a232c94f47'),)
2026-03-25 01:00:10,033 INFO sqlalchemy.engine.Engine SELECT roles.id AS roles_id, roles.name AS roles_name 
FROM roles 
WHERE roles.id = $1::INTEGER
2026-03-25 01:00:10,034 INFO sqlalchemy.engine.Engine [cached since 671s ago] (4,)
2026-03-25 01:00:10,037 INFO sqlalchemy.engine.Engine SELECT logistics_vehicles.id, logistics_vehicles.code, logistics_vehicles.vehicle_type, logistics_vehicles.warehouse_id, logistics_vehicles.assigned_driver_id, logistics_vehicles.model, logistics_vehicles.year, logistics_vehicles.license_plate, logistics_vehicles.status, logistics_vehicles.fuel_efficiency, logistics_vehicles.mileage, logistics_vehicles.next_service_date, logistics_vehicles.maintenance_issue, logistics_vehicles.created_at, logistics_vehicles.updated_at 
FROM logistics_vehicles 
WHERE logistics_vehicles.warehouse_id = $1::UUID AND (logistics_vehicles.assigned_driver_id = $2::UUID OR logistics_vehicles.warehouse_id = $3::UUID AND (logistics_vehicles.assigned_driver_id IS NULL OR logistics_vehicles.assigned_driver_id = $4::UUID)) ORDER BY logistics_vehicles.created_at DESC
2026-03-25 01:00:10,037 INFO sqlalchemy.engine.Engine [cached since 75.01s ago] (UUID('b7345343-13ae-46fe-b467-005bf9cfbb89'), UUID('8ce4bdac-8306-4b07-b065-a2a232c94f47'), UUID('b7345343-13ae-46fe-b467-005bf9cfbb89'), UUID('8ce4bdac-8306-4b07-b065-a2a232c94f47'))
2026-03-25 01:00:10,041 INFO sqlalchemy.engine.Engine SELECT orders.id, orders.tracking_code, orders.order_type, orders.status, orders.warehouse_substatus, orders.customer_id, orders.warehouse_id, orders.assigned_driver_id, orders.assigned_vehicle_id, orders.pickup_addr, orders.delivery_addr, orders.delivery_lat, orders.delivery_lng, orders.cargo_type, orders.vehicle_type, orders.labor_count, orders.base_amount, orders.vehicle_amount, orders.labor_amount, orders.materials_amount, orders.packing_amount, orders.platform_fee, orders.tax_amount, orders.total_amount, orders.payment_mode, orders.payment_status, orders.paid_amount, orders.declared_value, orders.service_otp, orders.service_time_block, orders.scheduled_at, orders.cancel_reason, orders.picking_started_at, orders.picking_completed_at, orders.packing_started_at, orders.packing_completed_at, orders.created_at, orders.updated_at 
FROM orders 
WHERE orders.status IN ($1::VARCHAR, $2::VARCHAR) AND orders.assigned_vehicle_id IS NOT NULL AND orders.assigned_driver_id IS NOT NULL
2026-03-25 01:00:10,042 INFO sqlalchemy.engine.Engine [cached since 75s ago] ('ASSIGNED', 'IN_TRANSIT')
2026-03-25 01:00:10,044 INFO sqlalchemy.engine.Engine SELECT users.id, users.name, users.username, users.email, users.phone, users.alt_phone, users.date_of_birth, users.address, users.preferred_language, users.preferred_currency, users.default_payment_method, users.notifications_push, users.notifications_sms, users.notifications_email, users.notifications_geofence, users.notifications_promo, users.privacy_location, users.privacy_analytics, users.privacy_marketing, users.password_hash, users.role_id, users.warehouse_id, users.is_active, users.last_login, users.created_at, users.updated_at 
FROM users 
WHERE users.id IN ($1::UUID)
2026-03-25 01:00:10,046 INFO sqlalchemy.engine.Engine [cached since 75s ago] (UUID('8ce4bdac-8306-4b07-b065-a2a232c94f47'),)
INFO:     127.0.0.1:60078 - "GET /api/v1/logistics/vehicles HTTP/1.1" 200 OK
2026-03-25 01:00:10,050 INFO sqlalchemy.engine.Engine COMMIT
INFO:     127.0.0.1:60079 - "OPTIONS /api/v1/logistics/drivers/me/bind-vehicle HTTP/1.1" 200 OK
2026-03-25 01:00:11,703 INFO sqlalchemy.engine.Engine BEGIN (implicit)
2026-03-25 01:00:11,704 INFO sqlalchemy.engine.Engine SELECT users.id, users.name, users.username, users.email, users.phone, users.alt_phone, users.date_of_birth, users.address, users.preferred_language, users.preferred_currency, users.default_payment_method, users.notifications_push, users.notifications_sms, users.notifications_email, users.notifications_geofence, users.notifications_promo, users.privacy_location, users.privacy_analytics, users.privacy_marketing, users.password_hash, users.role_id, users.warehouse_id, users.is_active, users.last_login, users.created_at, users.updated_at 
FROM users 
WHERE users.id = $1::UUID
2026-03-25 01:00:11,704 INFO sqlalchemy.engine.Engine [cached since 76.84s ago] (UUID('8ce4bdac-8306-4b07-b065-a2a232c94f47'),)
2026-03-25 01:00:11,708 INFO sqlalchemy.engine.Engine SELECT users.id 
FROM users 
WHERE users.id = $1::UUID
2026-03-25 01:00:11,709 INFO sqlalchemy.engine.Engine [cached since 697.6s ago] (UUID('8ce4bdac-8306-4b07-b065-a2a232c94f47'),)
2026-03-25 01:00:11,712 INFO sqlalchemy.engine.Engine SELECT roles.id AS roles_id, roles.name AS roles_name 
FROM roles 
WHERE roles.id = $1::INTEGER
2026-03-25 01:00:11,713 INFO sqlalchemy.engine.Engine [cached since 672.7s ago] (4,)
2026-03-25 01:00:11,714 INFO sqlalchemy.engine.Engine SELECT logistics_vehicles.id, logistics_vehicles.code, logistics_vehicles.vehicle_type, logistics_vehicles.warehouse_id, logistics_vehicles.assigned_driver_id, logistics_vehicles.model, logistics_vehicles.year, logistics_vehicles.license_plate, logistics_vehicles.status, logistics_vehicles.fuel_efficiency, logistics_vehicles.mileage, logistics_vehicles.next_service_date, logistics_vehicles.maintenance_issue, logistics_vehicles.created_at, logistics_vehicles.updated_at 
FROM logistics_vehicles 
WHERE logistics_vehicles.id = $1::UUID
2026-03-25 01:00:11,716 INFO sqlalchemy.engine.Engine [cached since 36.85s ago] (UUID('c6568bb2-39b7-44b7-a08f-de2846bd77ea'),)
2026-03-25 01:00:11,718 INFO sqlalchemy.engine.Engine SELECT logistics_driver_profiles.id, logistics_driver_profiles.user_id, logistics_driver_profiles.warehouse_id, logistics_driver_profiles.status, logistics_driver_profiles.current_location, logistics_driver_profiles.current_job, logistics_driver_profiles.efficiency_score, logistics_driver_profiles.avatar_color, logistics_driver_profiles.chat_history, logistics_driver_profiles.created_at, logistics_driver_profiles.updated_at 
FROM logistics_driver_profiles 
WHERE logistics_driver_profiles.user_id = $1::UUID
2026-03-25 01:00:11,719 INFO sqlalchemy.engine.Engine [cached since 76.78s ago] (UUID('8ce4bdac-8306-4b07-b065-a2a232c94f47'),)
2026-03-25 01:00:11,721 INFO sqlalchemy.engine.Engine SELECT orders.id, orders.tracking_code, orders.order_type, orders.status, orders.warehouse_substatus, orders.customer_id, orders.warehouse_id, orders.assigned_driver_id, orders.assigned_vehicle_id, orders.pickup_addr, orders.delivery_addr, orders.delivery_lat, orders.delivery_lng, orders.cargo_type, orders.vehicle_type, orders.labor_count, orders.base_amount, orders.vehicle_amount, orders.labor_amount, orders.materials_amount, orders.packing_amount, orders.platform_fee, orders.tax_amount, orders.total_amount, orders.payment_mode, orders.payment_status, orders.paid_amount, orders.declared_value, orders.service_otp, orders.service_time_block, orders.scheduled_at, orders.cancel_reason, orders.picking_started_at, orders.picking_completed_at, orders.packing_started_at, orders.packing_completed_at, orders.created_at, orders.updated_at 
FROM orders 
WHERE orders.assigned_driver_id = $1::UUID AND (orders.status NOT IN ($2::VARCHAR, $3::VARCHAR, $4::VARCHAR, $5::VARCHAR))
2026-03-25 01:00:11,723 INFO sqlalchemy.engine.Engine [cached since 36.84s ago] (UUID('8ce4bdac-8306-4b07-b065-a2a232c94f47'), 'DELIVERED', 'COMPLETED', 'CANCELLED', 'CLOSED')
INFO:     127.0.0.1:60079 - "POST /api/v1/logistics/drivers/me/bind-vehicle HTTP/1.1" 200 OK
2026-03-25 01:00:11,729 INFO sqlalchemy.engine.Engine COMMIT
2026-03-25 01:00:11,782 INFO sqlalchemy.engine.Engine BEGIN (implicit)
2026-03-25 01:00:11,784 INFO sqlalchemy.engine.Engine SELECT users.id, users.name, users.username, users.email, users.phone, users.alt_phone, users.date_of_birth, users.address, users.preferred_language, users.preferred_currency, users.default_payment_method, users.notifications_push, users.notifications_sms, users.notifications_email, users.notifications_geofence, users.notifications_promo, users.privacy_location, users.privacy_analytics, users.privacy_marketing, users.password_hash, users.role_id, users.warehouse_id, users.is_active, users.last_login, users.created_at, users.updated_at 
FROM users 
WHERE users.id = $1::UUID
2026-03-25 01:00:11,785 INFO sqlalchemy.engine.Engine [cached since 76.92s ago] (UUID('8ce4bdac-8306-4b07-b065-a2a232c94f47'),)
2026-03-25 01:00:11,788 INFO sqlalchemy.engine.Engine SELECT users.id 
FROM users 
WHERE users.id = $1::UUID
2026-03-25 01:00:11,789 INFO sqlalchemy.engine.Engine [cached since 697.7s ago] (UUID('8ce4bdac-8306-4b07-b065-a2a232c94f47'),)
2026-03-25 01:00:11,791 INFO sqlalchemy.engine.Engine SELECT roles.id AS roles_id, roles.name AS roles_name 
FROM roles 
WHERE roles.id = $1::INTEGER
2026-03-25 01:00:11,792 INFO sqlalchemy.engine.Engine [cached since 672.8s ago] (4,)
2026-03-25 01:00:11,795 INFO sqlalchemy.engine.Engine SELECT logistics_driver_profiles.id, logistics_driver_profiles.user_id, logistics_driver_profiles.warehouse_id, logistics_driver_profiles.status, logistics_driver_profiles.current_location, logistics_driver_profiles.current_job, logistics_driver_profiles.efficiency_score, logistics_driver_profiles.avatar_color, logistics_driver_profiles.chat_history, logistics_driver_profiles.created_at, logistics_driver_profiles.updated_at 
FROM logistics_driver_profiles 
WHERE logistics_driver_profiles.user_id = $1::UUID
2026-03-25 01:00:11,795 INFO sqlalchemy.engine.Engine [cached since 76.86s ago] (UUID('8ce4bdac-8306-4b07-b065-a2a232c94f47'),)
2026-03-25 01:00:11,799 INFO sqlalchemy.engine.Engine SELECT warehouses.id, warehouses.name, warehouses.address, warehouses.lat, warehouses.lng, warehouses.manager_id, warehouses.floor_plan_json, warehouses.capacity_limit, warehouses.is_active, warehouses.created_at, warehouses.updated_at 
FROM warehouses 
WHERE warehouses.id = $1::UUID
2026-03-25 01:00:11,800 INFO sqlalchemy.engine.Engine [cached since 76.84s ago] (UUID('b7345343-13ae-46fe-b467-005bf9cfbb89'),)
2026-03-25 01:00:11,802 INFO sqlalchemy.engine.Engine SELECT orders.id, orders.tracking_code, orders.order_type, orders.status, orders.warehouse_substatus, orders.customer_id, orders.warehouse_id, orders.assigned_driver_id, orders.assigned_vehicle_id, orders.pickup_addr, orders.delivery_addr, orders.delivery_lat, orders.delivery_lng, orders.cargo_type, orders.vehicle_type, orders.labor_count, orders.base_amount, orders.vehicle_amount, orders.labor_amount, orders.materials_amount, orders.packing_amount, orders.platform_fee, orders.tax_amount, orders.total_amount, orders.payment_mode, orders.payment_status, orders.paid_amount, orders.declared_value, orders.service_otp, orders.service_time_block, orders.scheduled_at, orders.cancel_reason, orders.picking_started_at, orders.picking_completed_at, orders.packing_started_at, orders.packing_completed_at, orders.created_at, orders.updated_at 
FROM orders 
WHERE orders.assigned_driver_id = $1::UUID AND (orders.status NOT IN ($2::VARCHAR, $3::VARCHAR)) ORDER BY orders.scheduled_at ASC NULLS LAST, orders.created_at ASC
2026-03-25 01:00:11,803 INFO sqlalchemy.engine.Engine [cached since 76.82s ago] (UUID('8ce4bdac-8306-4b07-b065-a2a232c94f47'), 'DRAFT', 'CANCELLED')
2026-03-25 01:00:11,805 INFO sqlalchemy.engine.Engine SELECT order_items.order_id AS order_items_order_id, order_items.id AS order_items_id, order_items.sku AS order_items_sku, order_items.quantity AS order_items_quantity, order_items.box_count AS order_items_box_count, order_items.estimated_volume AS order_items_estimated_volume, order_items.created_at AS order_items_created_at 
FROM order_items 
WHERE order_items.order_id IN ($1::UUID)
2026-03-25 01:00:11,806 INFO sqlalchemy.engine.Engine [cached since 76.8s ago] (UUID('acc982ee-61cc-4f55-b505-fe9c17374a25'),)
2026-03-25 01:00:11,809 INFO sqlalchemy.engine.Engine SELECT logistics_vehicles.id, logistics_vehicles.code, logistics_vehicles.vehicle_type, logistics_vehicles.warehouse_id, logistics_vehicles.assigned_driver_id, logistics_vehicles.model, logistics_vehicles.year, logistics_vehicles.license_plate, logistics_vehicles.status, logistics_vehicles.fuel_efficiency, logistics_vehicles.mileage, logistics_vehicles.next_service_date, logistics_vehicles.maintenance_issue, logistics_vehicles.created_at, logistics_vehicles.updated_at 
FROM logistics_vehicles 
WHERE logistics_vehicles.id IN ($1::UUID)
2026-03-25 01:00:11,810 INFO sqlalchemy.engine.Engine [cached since 76.79s ago] (UUID('c6568bb2-39b7-44b7-a08f-de2846bd77ea'),)
2026-03-25 01:00:11,813 INFO sqlalchemy.engine.Engine SELECT logistics_vehicles.id, logistics_vehicles.code, logistics_vehicles.vehicle_type, logistics_vehicles.warehouse_id, logistics_vehicles.assigned_driver_id, logistics_vehicles.model, logistics_vehicles.year, logistics_vehicles.license_plate, logistics_vehicles.status, logistics_vehicles.fuel_efficiency, logistics_vehicles.mileage, logistics_vehicles.next_service_date, logistics_vehicles.maintenance_issue, logistics_vehicles.created_at, logistics_vehicles.updated_at 
FROM logistics_vehicles 
WHERE logistics_vehicles.warehouse_id = $1::UUID AND (logistics_vehicles.assigned_driver_id = $2::UUID OR logistics_vehicles.warehouse_id = $3::UUID AND (logistics_vehicles.assigned_driver_id IS NULL OR logistics_vehicles.assigned_driver_id = $4::UUID)) ORDER BY logistics_vehicles.created_at DESC
2026-03-25 01:00:11,814 INFO sqlalchemy.engine.Engine [cached since 76.78s ago] (UUID('b7345343-13ae-46fe-b467-005bf9cfbb89'), UUID('8ce4bdac-8306-4b07-b065-a2a232c94f47'), UUID('b7345343-13ae-46fe-b467-005bf9cfbb89'), UUID('8ce4bdac-8306-4b07-b065-a2a232c94f47'))
2026-03-25 01:00:11,817 INFO sqlalchemy.engine.Engine SELECT orders.id, orders.tracking_code, orders.order_type, orders.status, orders.warehouse_substatus, orders.customer_id, orders.warehouse_id, orders.assigned_driver_id, orders.assigned_vehicle_id, orders.pickup_addr, orders.delivery_addr, orders.delivery_lat, orders.delivery_lng, orders.cargo_type, orders.vehicle_type, orders.labor_count, orders.base_amount, orders.vehicle_amount, orders.labor_amount, orders.materials_amount, orders.packing_amount, orders.platform_fee, orders.tax_amount, orders.total_amount, orders.payment_mode, orders.payment_status, orders.paid_amount, orders.declared_value, orders.service_otp, orders.service_time_block, orders.scheduled_at, orders.cancel_reason, orders.picking_started_at, orders.picking_completed_at, orders.packing_started_at, orders.packing_completed_at, orders.created_at, orders.updated_at 
FROM orders 
WHERE orders.status IN ($1::VARCHAR, $2::VARCHAR) AND orders.assigned_vehicle_id IS NOT NULL AND orders.assigned_driver_id IS NOT NULL
2026-03-25 01:00:11,817 INFO sqlalchemy.engine.Engine [cached since 76.78s ago] ('ASSIGNED', 'IN_TRANSIT')
2026-03-25 01:00:11,820 INFO sqlalchemy.engine.Engine SELECT users.id, users.name, users.username, users.email, users.phone, users.alt_phone, users.date_of_birth, users.address, users.preferred_language, users.preferred_currency, users.default_payment_method, users.notifications_push, users.notifications_sms, users.notifications_email, users.notifications_geofence, users.notifications_promo, users.privacy_location, users.privacy_analytics, users.privacy_marketing, users.password_hash, users.role_id, users.warehouse_id, users.is_active, users.last_login, users.created_at, users.updated_at 
FROM users 
WHERE users.id IN ($1::UUID)
2026-03-25 01:00:11,821 INFO sqlalchemy.engine.Engine [cached since 76.78s ago] (UUID('8ce4bdac-8306-4b07-b065-a2a232c94f47'),)
INFO:     127.0.0.1:60079 - "GET /api/v1/logistics/drivers/me/dashboard HTTP/1.1" 200 OK
2026-03-25 01:00:11,827 INFO sqlalchemy.engine.Engine COMMIT
INFO:     127.0.0.1:59433 - "OPTIONS /api/v1/auth/login HTTP/1.1" 200 OK
2026-03-25 01:01:25,343 INFO sqlalchemy.engine.Engine BEGIN (implicit)
2026-03-25 01:01:25,345 INFO sqlalchemy.engine.Engine SELECT users.id, users.name, users.username, users.email, users.phone, users.alt_phone, users.date_of_birth, users.address, users.preferred_language, users.preferred_currency, users.default_payment_method, users.notifications_push, users.notifications_sms, users.notifications_email, users.notifications_geofence, users.notifications_promo, users.privacy_location, users.privacy_analytics, users.privacy_marketing, users.password_hash, users.role_id, users.warehouse_id, users.is_active, users.last_login, users.created_at, users.updated_at 
FROM users 
WHERE users.email = $1::VARCHAR OR users.username = $2::VARCHAR
2026-03-25 01:01:25,345 INFO sqlalchemy.engine.Engine [cached since 747s ago] ('driver1@gmail.com', 'driver1_gmail_com')
2026-03-25 01:01:25,839 INFO sqlalchemy.engine.Engine UPDATE users SET last_login=$1::TIMESTAMP WITH TIME ZONE, updated_at=$2::TIMESTAMP WITH TIME ZONE WHERE users.id = $3::UUID
2026-03-25 01:01:25,840 INFO sqlalchemy.engine.Engine [cached since 746.9s ago] (datetime.datetime(2026, 3, 24, 19, 31, 25, 838286, tzinfo=datetime.timezone.utc), datetime.datetime(2026, 3, 24, 19, 31, 25, 839303, tzinfo=datetime.timezone.utc), UUID('8ce4bdac-8306-4b07-b065-a2a232c94f47'))
2026-03-25 01:01:25,843 INFO sqlalchemy.engine.Engine SELECT users.id 
FROM users 
WHERE users.id = $1::UUID
2026-03-25 01:01:25,844 INFO sqlalchemy.engine.Engine [cached since 771.7s ago] (UUID('8ce4bdac-8306-4b07-b065-a2a232c94f47'),)
2026-03-25 01:01:25,845 INFO sqlalchemy.engine.Engine SELECT roles.id AS roles_id, roles.name AS roles_name 
FROM roles 
WHERE roles.id = $1::INTEGER
2026-03-25 01:01:25,847 INFO sqlalchemy.engine.Engine [cached since 746.9s ago] (4,)
INFO:     127.0.0.1:59433 - "POST /api/v1/auth/login HTTP/1.1" 200 OK
2026-03-25 01:01:25,853 INFO sqlalchemy.engine.Engine COMMIT
INFO:     127.0.0.1:59433 - "OPTIONS /api/v1/auth/me HTTP/1.1" 200 OK
2026-03-25 01:01:25,930 INFO sqlalchemy.engine.Engine BEGIN (implicit)
2026-03-25 01:01:25,931 INFO sqlalchemy.engine.Engine SELECT users.id, users.name, users.username, users.email, users.phone, users.alt_phone, users.date_of_birth, users.address, users.preferred_language, users.preferred_currency, users.default_payment_method, users.notifications_push, users.notifications_sms, users.notifications_email, users.notifications_geofence, users.notifications_promo, users.privacy_location, users.privacy_analytics, users.privacy_marketing, users.password_hash, users.role_id, users.warehouse_id, users.is_active, users.last_login, users.created_at, users.updated_at 
FROM users 
WHERE users.id = $1::UUID
2026-03-25 01:01:25,932 INFO sqlalchemy.engine.Engine [cached since 151.1s ago] (UUID('8ce4bdac-8306-4b07-b065-a2a232c94f47'),)
2026-03-25 01:01:25,936 INFO sqlalchemy.engine.Engine SELECT users.id 
FROM users 
WHERE users.id = $1::UUID
2026-03-25 01:01:25,937 INFO sqlalchemy.engine.Engine [cached since 771.8s ago] (UUID('8ce4bdac-8306-4b07-b065-a2a232c94f47'),)
2026-03-25 01:01:25,938 INFO sqlalchemy.engine.Engine SELECT roles.id AS roles_id, roles.name AS roles_name 
FROM roles 
WHERE roles.id = $1::INTEGER
2026-03-25 01:01:25,939 INFO sqlalchemy.engine.Engine [cached since 746.9s ago] (4,)
INFO:     127.0.0.1:59434 - "GET /api/v1/auth/me HTTP/1.1" 200 OK
2026-03-25 01:01:25,945 INFO sqlalchemy.engine.Engine COMMIT
INFO:     127.0.0.1:59434 - "OPTIONS /api/v1/logistics/drivers/me/dashboard HTTP/1.1" 200 OK
2026-03-25 01:01:25,984 INFO sqlalchemy.engine.Engine BEGIN (implicit)
2026-03-25 01:01:25,985 INFO sqlalchemy.engine.Engine SELECT users.id, users.name, users.username, users.email, users.phone, users.alt_phone, users.date_of_birth, users.address, users.preferred_language, users.preferred_currency, users.default_payment_method, users.notifications_push, users.notifications_sms, users.notifications_email, users.notifications_geofence, users.notifications_promo, users.privacy_location, users.privacy_analytics, users.privacy_marketing, users.password_hash, users.role_id, users.warehouse_id, users.is_active, users.last_login, users.created_at, users.updated_at 
FROM users 
WHERE users.id = $1::UUID
2026-03-25 01:01:25,986 INFO sqlalchemy.engine.Engine [cached since 151.1s ago] (UUID('8ce4bdac-8306-4b07-b065-a2a232c94f47'),)
2026-03-25 01:01:25,989 INFO sqlalchemy.engine.Engine SELECT users.id 
FROM users 
WHERE users.id = $1::UUID
2026-03-25 01:01:25,989 INFO sqlalchemy.engine.Engine [cached since 771.9s ago] (UUID('8ce4bdac-8306-4b07-b065-a2a232c94f47'),)
2026-03-25 01:01:25,993 INFO sqlalchemy.engine.Engine SELECT roles.id AS roles_id, roles.name AS roles_name 
FROM roles 
WHERE roles.id = $1::INTEGER
2026-03-25 01:01:25,994 INFO sqlalchemy.engine.Engine [cached since 747s ago] (4,)
2026-03-25 01:01:25,998 INFO sqlalchemy.engine.Engine SELECT logistics_driver_profiles.id, logistics_driver_profiles.user_id, logistics_driver_profiles.warehouse_id, logistics_driver_profiles.status, logistics_driver_profiles.current_location, logistics_driver_profiles.current_job, logistics_driver_profiles.efficiency_score, logistics_driver_profiles.avatar_color, logistics_driver_profiles.chat_history, logistics_driver_profiles.created_at, logistics_driver_profiles.updated_at 
FROM logistics_driver_profiles 
WHERE logistics_driver_profiles.user_id = $1::UUID
2026-03-25 01:01:25,999 INFO sqlalchemy.engine.Engine [cached since 151.1s ago] (UUID('8ce4bdac-8306-4b07-b065-a2a232c94f47'),)
2026-03-25 01:01:26,002 INFO sqlalchemy.engine.Engine SELECT warehouses.id, warehouses.name, warehouses.address, warehouses.lat, warehouses.lng, warehouses.manager_id, warehouses.floor_plan_json, warehouses.capacity_limit, warehouses.is_active, warehouses.created_at, warehouses.updated_at 
FROM warehouses 
WHERE warehouses.id = $1::UUID
2026-03-25 01:01:26,003 INFO sqlalchemy.engine.Engine [cached since 151s ago] (UUID('b7345343-13ae-46fe-b467-005bf9cfbb89'),)
2026-03-25 01:01:26,006 INFO sqlalchemy.engine.Engine SELECT orders.id, orders.tracking_code, orders.order_type, orders.status, orders.warehouse_substatus, orders.customer_id, orders.warehouse_id, orders.assigned_driver_id, orders.assigned_vehicle_id, orders.pickup_addr, orders.delivery_addr, orders.delivery_lat, orders.delivery_lng, orders.cargo_type, orders.vehicle_type, orders.labor_count, orders.base_amount, orders.vehicle_amount, orders.labor_amount, orders.materials_amount, orders.packing_amount, orders.platform_fee, orders.tax_amount, orders.total_amount, orders.payment_mode, orders.payment_status, orders.paid_amount, orders.declared_value, orders.service_otp, orders.service_time_block, orders.scheduled_at, orders.cancel_reason, orders.picking_started_at, orders.picking_completed_at, orders.packing_started_at, orders.packing_completed_at, orders.created_at, orders.updated_at 
FROM orders 
WHERE orders.assigned_driver_id = $1::UUID AND (orders.status NOT IN ($2::VARCHAR, $3::VARCHAR)) ORDER BY orders.scheduled_at ASC NULLS LAST, orders.created_at ASC
2026-03-25 01:01:26,007 INFO sqlalchemy.engine.Engine [cached since 151s ago] (UUID('8ce4bdac-8306-4b07-b065-a2a232c94f47'), 'DRAFT', 'CANCELLED')
2026-03-25 01:01:26,011 INFO sqlalchemy.engine.Engine SELECT order_items.order_id AS order_items_order_id, order_items.id AS order_items_id, order_items.sku AS order_items_sku, order_items.quantity AS order_items_quantity, order_items.box_count AS order_items_box_count, order_items.estimated_volume AS order_items_estimated_volume, order_items.created_at AS order_items_created_at 
FROM order_items 
WHERE order_items.order_id IN ($1::UUID)
2026-03-25 01:01:26,012 INFO sqlalchemy.engine.Engine [cached since 151s ago] (UUID('acc982ee-61cc-4f55-b505-fe9c17374a25'),)
2026-03-25 01:01:26,013 INFO sqlalchemy.engine.Engine SELECT logistics_vehicles.id, logistics_vehicles.code, logistics_vehicles.vehicle_type, logistics_vehicles.warehouse_id, logistics_vehicles.assigned_driver_id, logistics_vehicles.model, logistics_vehicles.year, logistics_vehicles.license_plate, logistics_vehicles.status, logistics_vehicles.fuel_efficiency, logistics_vehicles.mileage, logistics_vehicles.next_service_date, logistics_vehicles.maintenance_issue, logistics_vehicles.created_at, logistics_vehicles.updated_at 
FROM logistics_vehicles 
WHERE logistics_vehicles.id IN ($1::UUID)
2026-03-25 01:01:26,015 INFO sqlalchemy.engine.Engine [cached since 151s ago] (UUID('c6568bb2-39b7-44b7-a08f-de2846bd77ea'),)
2026-03-25 01:01:26,018 INFO sqlalchemy.engine.Engine SELECT logistics_vehicles.id, logistics_vehicles.code, logistics_vehicles.vehicle_type, logistics_vehicles.warehouse_id, logistics_vehicles.assigned_driver_id, logistics_vehicles.model, logistics_vehicles.year, logistics_vehicles.license_plate, logistics_vehicles.status, logistics_vehicles.fuel_efficiency, logistics_vehicles.mileage, logistics_vehicles.next_service_date, logistics_vehicles.maintenance_issue, logistics_vehicles.created_at, logistics_vehicles.updated_at 
FROM logistics_vehicles 
WHERE logistics_vehicles.warehouse_id = $1::UUID AND (logistics_vehicles.assigned_driver_id = $2::UUID OR logistics_vehicles.warehouse_id = $3::UUID AND (logistics_vehicles.assigned_driver_id IS NULL OR logistics_vehicles.assigned_driver_id = $4::UUID)) ORDER BY logistics_vehicles.created_at DESC
2026-03-25 01:01:26,019 INFO sqlalchemy.engine.Engine [cached since 151s ago] (UUID('b7345343-13ae-46fe-b467-005bf9cfbb89'), UUID('8ce4bdac-8306-4b07-b065-a2a232c94f47'), UUID('b7345343-13ae-46fe-b467-005bf9cfbb89'), UUID('8ce4bdac-8306-4b07-b065-a2a232c94f47'))
2026-03-25 01:01:26,021 INFO sqlalchemy.engine.Engine SELECT orders.id, orders.tracking_code, orders.order_type, orders.status, orders.warehouse_substatus, orders.customer_id, orders.warehouse_id, orders.assigned_driver_id, orders.assigned_vehicle_id, orders.pickup_addr, orders.delivery_addr, orders.delivery_lat, orders.delivery_lng, orders.cargo_type, orders.vehicle_type, orders.labor_count, orders.base_amount, orders.vehicle_amount, orders.labor_amount, orders.materials_amount, orders.packing_amount, orders.platform_fee, orders.tax_amount, orders.total_amount, orders.payment_mode, orders.payment_status, orders.paid_amount, orders.declared_value, orders.service_otp, orders.service_time_block, orders.scheduled_at, orders.cancel_reason, orders.picking_started_at, orders.picking_completed_at, orders.packing_started_at, orders.packing_completed_at, orders.created_at, orders.updated_at 
FROM orders 
WHERE orders.status IN ($1::VARCHAR, $2::VARCHAR) AND orders.assigned_vehicle_id IS NOT NULL AND orders.assigned_driver_id IS NOT NULL
2026-03-25 01:01:26,023 INFO sqlalchemy.engine.Engine [cached since 151s ago] ('ASSIGNED', 'IN_TRANSIT')
2026-03-25 01:01:26,026 INFO sqlalchemy.engine.Engine SELECT users.id, users.name, users.username, users.email, users.phone, users.alt_phone, users.date_of_birth, users.address, users.preferred_language, users.preferred_currency, users.default_payment_method, users.notifications_push, users.notifications_sms, users.notifications_email, users.notifications_geofence, users.notifications_promo, users.privacy_location, users.privacy_analytics, users.privacy_marketing, users.password_hash, users.role_id, users.warehouse_id, users.is_active, users.last_login, users.created_at, users.updated_at 
FROM users 
WHERE users.id IN ($1::UUID)
2026-03-25 01:01:26,026 INFO sqlalchemy.engine.Engine [cached since 151s ago] (UUID('8ce4bdac-8306-4b07-b065-a2a232c94f47'),)
INFO:     127.0.0.1:59433 - "GET /api/v1/logistics/drivers/me/dashboard HTTP/1.1" 200 OK
2026-03-25 01:01:26,033 INFO sqlalchemy.engine.Engine COMMIT
2026-03-25 01:01:26,203 INFO sqlalchemy.engine.Engine BEGIN (implicit)
2026-03-25 01:01:26,204 INFO sqlalchemy.engine.Engine SELECT users.id, users.name, users.username, users.email, users.phone, users.alt_phone, users.date_of_birth, users.address, users.preferred_language, users.preferred_currency, users.default_payment_method, users.notifications_push, users.notifications_sms, users.notifications_email, users.notifications_geofence, users.notifications_promo, users.privacy_location, users.privacy_analytics, users.privacy_marketing, users.password_hash, users.role_id, users.warehouse_id, users.is_active, users.last_login, users.created_at, users.updated_at 
FROM users 
WHERE users.id = $1::UUID
2026-03-25 01:01:26,205 INFO sqlalchemy.engine.Engine [cached since 151.3s ago] (UUID('8ce4bdac-8306-4b07-b065-a2a232c94f47'),)
2026-03-25 01:01:26,209 INFO sqlalchemy.engine.Engine SELECT users.id 
FROM users 
WHERE users.id = $1::UUID
2026-03-25 01:01:26,210 INFO sqlalchemy.engine.Engine [cached since 772.1s ago] (UUID('8ce4bdac-8306-4b07-b065-a2a232c94f47'),)
2026-03-25 01:01:26,212 INFO sqlalchemy.engine.Engine SELECT roles.id AS roles_id, roles.name AS roles_name 
FROM roles 
WHERE roles.id = $1::INTEGER
2026-03-25 01:01:26,213 INFO sqlalchemy.engine.Engine [cached since 747.2s ago] (4,)
2026-03-25 01:01:26,215 INFO sqlalchemy.engine.Engine SELECT logistics_driver_profiles.id, logistics_driver_profiles.user_id, logistics_driver_profiles.warehouse_id, logistics_driver_profiles.status, logistics_driver_profiles.current_location, logistics_driver_profiles.current_job, logistics_driver_profiles.efficiency_score, logistics_driver_profiles.avatar_color, logistics_driver_profiles.chat_history, logistics_driver_profiles.created_at, logistics_driver_profiles.updated_at 
FROM logistics_driver_profiles 
WHERE logistics_driver_profiles.user_id = $1::UUID
2026-03-25 01:01:26,216 INFO sqlalchemy.engine.Engine [cached since 151.3s ago] (UUID('8ce4bdac-8306-4b07-b065-a2a232c94f47'),)
2026-03-25 01:01:26,219 INFO sqlalchemy.engine.Engine SELECT warehouses.id, warehouses.name, warehouses.address, warehouses.lat, warehouses.lng, warehouses.manager_id, warehouses.floor_plan_json, warehouses.capacity_limit, warehouses.is_active, warehouses.created_at, warehouses.updated_at 
FROM warehouses 
WHERE warehouses.id = $1::UUID
2026-03-25 01:01:26,220 INFO sqlalchemy.engine.Engine [cached since 151.3s ago] (UUID('b7345343-13ae-46fe-b467-005bf9cfbb89'),)
2026-03-25 01:01:26,223 INFO sqlalchemy.engine.Engine SELECT orders.id, orders.tracking_code, orders.order_type, orders.status, orders.warehouse_substatus, orders.customer_id, orders.warehouse_id, orders.assigned_driver_id, orders.assigned_vehicle_id, orders.pickup_addr, orders.delivery_addr, orders.delivery_lat, orders.delivery_lng, orders.cargo_type, orders.vehicle_type, orders.labor_count, orders.base_amount, orders.vehicle_amount, orders.labor_amount, orders.materials_amount, orders.packing_amount, orders.platform_fee, orders.tax_amount, orders.total_amount, orders.payment_mode, orders.payment_status, orders.paid_amount, orders.declared_value, orders.service_otp, orders.service_time_block, orders.scheduled_at, orders.cancel_reason, orders.picking_started_at, orders.picking_completed_at, orders.packing_started_at, orders.packing_completed_at, orders.created_at, orders.updated_at 
FROM orders 
WHERE orders.assigned_driver_id = $1::UUID AND (orders.status NOT IN ($2::VARCHAR, $3::VARCHAR)) ORDER BY orders.scheduled_at ASC NULLS LAST, orders.created_at ASC
2026-03-25 01:01:26,224 INFO sqlalchemy.engine.Engine [cached since 151.2s ago] (UUID('8ce4bdac-8306-4b07-b065-a2a232c94f47'), 'DRAFT', 'CANCELLED')
2026-03-25 01:01:26,227 INFO sqlalchemy.engine.Engine SELECT order_items.order_id AS order_items_order_id, order_items.id AS order_items_id, order_items.sku AS order_items_sku, order_items.quantity AS order_items_quantity, order_items.box_count AS order_items_box_count, order_items.estimated_volume AS order_items_estimated_volume, order_items.created_at AS order_items_created_at 
FROM order_items 
WHERE order_items.order_id IN ($1::UUID)
2026-03-25 01:01:26,228 INFO sqlalchemy.engine.Engine [cached since 151.2s ago] (UUID('acc982ee-61cc-4f55-b505-fe9c17374a25'),)
2026-03-25 01:01:26,231 INFO sqlalchemy.engine.Engine SELECT logistics_vehicles.id, logistics_vehicles.code, logistics_vehicles.vehicle_type, logistics_vehicles.warehouse_id, logistics_vehicles.assigned_driver_id, logistics_vehicles.model, logistics_vehicles.year, logistics_vehicles.license_plate, logistics_vehicles.status, logistics_vehicles.fuel_efficiency, logistics_vehicles.mileage, logistics_vehicles.next_service_date, logistics_vehicles.maintenance_issue, logistics_vehicles.created_at, logistics_vehicles.updated_at 
FROM logistics_vehicles 
WHERE logistics_vehicles.id IN ($1::UUID)
2026-03-25 01:01:26,231 INFO sqlalchemy.engine.Engine [cached since 151.2s ago] (UUID('c6568bb2-39b7-44b7-a08f-de2846bd77ea'),)
2026-03-25 01:01:26,235 INFO sqlalchemy.engine.Engine SELECT logistics_vehicles.id, logistics_vehicles.code, logistics_vehicles.vehicle_type, logistics_vehicles.warehouse_id, logistics_vehicles.assigned_driver_id, logistics_vehicles.model, logistics_vehicles.year, logistics_vehicles.license_plate, logistics_vehicles.status, logistics_vehicles.fuel_efficiency, logistics_vehicles.mileage, logistics_vehicles.next_service_date, logistics_vehicles.maintenance_issue, logistics_vehicles.created_at, logistics_vehicles.updated_at 
FROM logistics_vehicles 
WHERE logistics_vehicles.warehouse_id = $1::UUID AND (logistics_vehicles.assigned_driver_id = $2::UUID OR logistics_vehicles.warehouse_id = $3::UUID AND (logistics_vehicles.assigned_driver_id IS NULL OR logistics_vehicles.assigned_driver_id = $4::UUID)) ORDER BY logistics_vehicles.created_at DESC
2026-03-25 01:01:26,236 INFO sqlalchemy.engine.Engine [cached since 151.2s ago] (UUID('b7345343-13ae-46fe-b467-005bf9cfbb89'), UUID('8ce4bdac-8306-4b07-b065-a2a232c94f47'), UUID('b7345343-13ae-46fe-b467-005bf9cfbb89'), UUID('8ce4bdac-8306-4b07-b065-a2a232c94f47'))
2026-03-25 01:01:26,238 INFO sqlalchemy.engine.Engine SELECT orders.id, orders.tracking_code, orders.order_type, orders.status, orders.warehouse_substatus, orders.customer_id, orders.warehouse_id, orders.assigned_driver_id, orders.assigned_vehicle_id, orders.pickup_addr, orders.delivery_addr, orders.delivery_lat, orders.delivery_lng, orders.cargo_type, orders.vehicle_type, orders.labor_count, orders.base_amount, orders.vehicle_amount, orders.labor_amount, orders.materials_amount, orders.packing_amount, orders.platform_fee, orders.tax_amount, orders.total_amount, orders.payment_mode, orders.payment_status, orders.paid_amount, orders.declared_value, orders.service_otp, orders.service_time_block, orders.scheduled_at, orders.cancel_reason, orders.picking_started_at, orders.picking_completed_at, orders.packing_started_at, orders.packing_completed_at, orders.created_at, orders.updated_at 
FROM orders 
WHERE orders.status IN ($1::VARCHAR, $2::VARCHAR) AND orders.assigned_vehicle_id IS NOT NULL AND orders.assigned_driver_id IS NOT NULL
2026-03-25 01:01:26,239 INFO sqlalchemy.engine.Engine [cached since 151.2s ago] ('ASSIGNED', 'IN_TRANSIT')
2026-03-25 01:01:26,242 INFO sqlalchemy.engine.Engine SELECT users.id, users.name, users.username, users.email, users.phone, users.alt_phone, users.date_of_birth, users.address, users.preferred_language, users.preferred_currency, users.default_payment_method, users.notifications_push, users.notifications_sms, users.notifications_email, users.notifications_geofence, users.notifications_promo, users.privacy_location, users.privacy_analytics, users.privacy_marketing, users.password_hash, users.role_id, users.warehouse_id, users.is_active, users.last_login, users.created_at, users.updated_at 
FROM users 
WHERE users.id IN ($1::UUID)
2026-03-25 01:01:26,243 INFO sqlalchemy.engine.Engine [cached since 151.2s ago] (UUID('8ce4bdac-8306-4b07-b065-a2a232c94f47'),)
INFO:     127.0.0.1:59433 - "GET /api/v1/logistics/drivers/me/dashboard HTTP/1.1" 200 OK
2026-03-25 01:01:26,249 INFO sqlalchemy.engine.Engine COMMIT
INFO:     127.0.0.1:59433 - "OPTIONS /api/v1/logistics/drivers/me/shift/start HTTP/1.1" 200 OK
2026-03-25 01:01:27,549 INFO sqlalchemy.engine.Engine BEGIN (implicit)
2026-03-25 01:01:27,550 INFO sqlalchemy.engine.Engine SELECT users.id, users.name, users.username, users.email, users.phone, users.alt_phone, users.date_of_birth, users.address, users.preferred_language, users.preferred_currency, users.default_payment_method, users.notifications_push, users.notifications_sms, users.notifications_email, users.notifications_geofence, users.notifications_promo, users.privacy_location, users.privacy_analytics, users.privacy_marketing, users.password_hash, users.role_id, users.warehouse_id, users.is_active, users.last_login, users.created_at, users.updated_at 
FROM users 
WHERE users.id = $1::UUID
2026-03-25 01:01:27,550 INFO sqlalchemy.engine.Engine [cached since 152.7s ago] (UUID('8ce4bdac-8306-4b07-b065-a2a232c94f47'),)
2026-03-25 01:01:27,554 INFO sqlalchemy.engine.Engine SELECT users.id 
FROM users 
WHERE users.id = $1::UUID
2026-03-25 01:01:27,555 INFO sqlalchemy.engine.Engine [cached since 773.5s ago] (UUID('8ce4bdac-8306-4b07-b065-a2a232c94f47'),)
2026-03-25 01:01:27,557 INFO sqlalchemy.engine.Engine SELECT roles.id AS roles_id, roles.name AS roles_name 
FROM roles 
WHERE roles.id = $1::INTEGER
2026-03-25 01:01:27,559 INFO sqlalchemy.engine.Engine [cached since 748.6s ago] (4,)
2026-03-25 01:01:27,561 INFO sqlalchemy.engine.Engine SELECT logistics_driver_profiles.id, logistics_driver_profiles.user_id, logistics_driver_profiles.warehouse_id, logistics_driver_profiles.status, logistics_driver_profiles.current_location, logistics_driver_profiles.current_job, logistics_driver_profiles.efficiency_score, logistics_driver_profiles.avatar_color, logistics_driver_profiles.chat_history, logistics_driver_profiles.created_at, logistics_driver_profiles.updated_at 
FROM logistics_driver_profiles 
WHERE logistics_driver_profiles.user_id = $1::UUID
2026-03-25 01:01:27,562 INFO sqlalchemy.engine.Engine [cached since 152.6s ago] (UUID('8ce4bdac-8306-4b07-b065-a2a232c94f47'),)
2026-03-25 01:01:27,565 INFO sqlalchemy.engine.Engine SELECT orders.id, orders.tracking_code, orders.order_type, orders.status, orders.warehouse_substatus, orders.customer_id, orders.warehouse_id, orders.assigned_driver_id, orders.assigned_vehicle_id, orders.pickup_addr, orders.delivery_addr, orders.delivery_lat, orders.delivery_lng, orders.cargo_type, orders.vehicle_type, orders.labor_count, orders.base_amount, orders.vehicle_amount, orders.labor_amount, orders.materials_amount, orders.packing_amount, orders.platform_fee, orders.tax_amount, orders.total_amount, orders.payment_mode, orders.payment_status, orders.paid_amount, orders.declared_value, orders.service_otp, orders.service_time_block, orders.scheduled_at, orders.cancel_reason, orders.picking_started_at, orders.picking_completed_at, orders.packing_started_at, orders.packing_completed_at, orders.created_at, orders.updated_at 
FROM orders 
WHERE orders.assigned_driver_id = $1::UUID AND (orders.status NOT IN ($2::VARCHAR, $3::VARCHAR)) ORDER BY orders.scheduled_at ASC NULLS LAST, orders.created_at ASC
2026-03-25 01:01:27,565 INFO sqlalchemy.engine.Engine [cached since 152.6s ago] (UUID('8ce4bdac-8306-4b07-b065-a2a232c94f47'), 'DRAFT', 'CANCELLED')
2026-03-25 01:01:27,568 INFO sqlalchemy.engine.Engine SELECT order_items.order_id AS order_items_order_id, order_items.id AS order_items_id, order_items.sku AS order_items_sku, order_items.quantity AS order_items_quantity, order_items.box_count AS order_items_box_count, order_items.estimated_volume AS order_items_estimated_volume, order_items.created_at AS order_items_created_at 
FROM order_items 
WHERE order_items.order_id IN ($1::UUID)
2026-03-25 01:01:27,568 INFO sqlalchemy.engine.Engine [cached since 152.6s ago] (UUID('acc982ee-61cc-4f55-b505-fe9c17374a25'),)
2026-03-25 01:01:27,572 INFO sqlalchemy.engine.Engine UPDATE users SET last_login=$1::TIMESTAMP WITH TIME ZONE, updated_at=$2::TIMESTAMP WITH TIME ZONE WHERE users.id = $3::UUID
2026-03-25 01:01:27,573 INFO sqlalchemy.engine.Engine [cached since 748.6s ago] (datetime.datetime(2026, 3, 24, 19, 31, 27, 564239, tzinfo=datetime.timezone.utc), datetime.datetime(2026, 3, 24, 19, 31, 27, 572954, tzinfo=datetime.timezone.utc), UUID('8ce4bdac-8306-4b07-b065-a2a232c94f47'))
INFO:     127.0.0.1:59433 - "POST /api/v1/logistics/drivers/me/shift/start HTTP/1.1" 200 OK
2026-03-25 01:01:27,578 INFO sqlalchemy.engine.Engine COMMIT
2026-03-25 01:01:27,630 INFO sqlalchemy.engine.Engine BEGIN (implicit)
2026-03-25 01:01:27,631 INFO sqlalchemy.engine.Engine SELECT users.id, users.name, users.username, users.email, users.phone, users.alt_phone, users.date_of_birth, users.address, users.preferred_language, users.preferred_currency, users.default_payment_method, users.notifications_push, users.notifications_sms, users.notifications_email, users.notifications_geofence, users.notifications_promo, users.privacy_location, users.privacy_analytics, users.privacy_marketing, users.password_hash, users.role_id, users.warehouse_id, users.is_active, users.last_login, users.created_at, users.updated_at 
FROM users 
WHERE users.id = $1::UUID
2026-03-25 01:01:27,632 INFO sqlalchemy.engine.Engine [cached since 152.8s ago] (UUID('8ce4bdac-8306-4b07-b065-a2a232c94f47'),)
2026-03-25 01:01:27,634 INFO sqlalchemy.engine.Engine SELECT users.id 
FROM users 
WHERE users.id = $1::UUID
2026-03-25 01:01:27,635 INFO sqlalchemy.engine.Engine [cached since 773.5s ago] (UUID('8ce4bdac-8306-4b07-b065-a2a232c94f47'),)
2026-03-25 01:01:27,638 INFO sqlalchemy.engine.Engine SELECT roles.id AS roles_id, roles.name AS roles_name 
FROM roles 
WHERE roles.id = $1::INTEGER
2026-03-25 01:01:27,639 INFO sqlalchemy.engine.Engine [cached since 748.6s ago] (4,)
2026-03-25 01:01:27,642 INFO sqlalchemy.engine.Engine SELECT logistics_driver_profiles.id, logistics_driver_profiles.user_id, logistics_driver_profiles.warehouse_id, logistics_driver_profiles.status, logistics_driver_profiles.current_location, logistics_driver_profiles.current_job, logistics_driver_profiles.efficiency_score, logistics_driver_profiles.avatar_color, logistics_driver_profiles.chat_history, logistics_driver_profiles.created_at, logistics_driver_profiles.updated_at 
FROM logistics_driver_profiles 
WHERE logistics_driver_profiles.user_id = $1::UUID
2026-03-25 01:01:27,643 INFO sqlalchemy.engine.Engine [cached since 152.7s ago] (UUID('8ce4bdac-8306-4b07-b065-a2a232c94f47'),)
2026-03-25 01:01:27,645 INFO sqlalchemy.engine.Engine SELECT warehouses.id, warehouses.name, warehouses.address, warehouses.lat, warehouses.lng, warehouses.manager_id, warehouses.floor_plan_json, warehouses.capacity_limit, warehouses.is_active, warehouses.created_at, warehouses.updated_at 
FROM warehouses 
WHERE warehouses.id = $1::UUID
2026-03-25 01:01:27,646 INFO sqlalchemy.engine.Engine [cached since 152.7s ago] (UUID('b7345343-13ae-46fe-b467-005bf9cfbb89'),)
2026-03-25 01:01:27,649 INFO sqlalchemy.engine.Engine SELECT orders.id, orders.tracking_code, orders.order_type, orders.status, orders.warehouse_substatus, orders.customer_id, orders.warehouse_id, orders.assigned_driver_id, orders.assigned_vehicle_id, orders.pickup_addr, orders.delivery_addr, orders.delivery_lat, orders.delivery_lng, orders.cargo_type, orders.vehicle_type, orders.labor_count, orders.base_amount, orders.vehicle_amount, orders.labor_amount, orders.materials_amount, orders.packing_amount, orders.platform_fee, orders.tax_amount, orders.total_amount, orders.payment_mode, orders.payment_status, orders.paid_amount, orders.declared_value, orders.service_otp, orders.service_time_block, orders.scheduled_at, orders.cancel_reason, orders.picking_started_at, orders.picking_completed_at, orders.packing_started_at, orders.packing_completed_at, orders.created_at, orders.updated_at 
FROM orders 
WHERE orders.assigned_driver_id = $1::UUID AND (orders.status NOT IN ($2::VARCHAR, $3::VARCHAR)) ORDER BY orders.scheduled_at ASC NULLS LAST, orders.created_at ASC
2026-03-25 01:01:27,649 INFO sqlalchemy.engine.Engine [cached since 152.7s ago] (UUID('8ce4bdac-8306-4b07-b065-a2a232c94f47'), 'DRAFT', 'CANCELLED')
2026-03-25 01:01:27,651 INFO sqlalchemy.engine.Engine SELECT order_items.order_id AS order_items_order_id, order_items.id AS order_items_id, order_items.sku AS order_items_sku, order_items.quantity AS order_items_quantity, order_items.box_count AS order_items_box_count, order_items.estimated_volume AS order_items_estimated_volume, order_items.created_at AS order_items_created_at 
FROM order_items 
WHERE order_items.order_id IN ($1::UUID)
2026-03-25 01:01:27,652 INFO sqlalchemy.engine.Engine [cached since 152.6s ago] (UUID('acc982ee-61cc-4f55-b505-fe9c17374a25'),)
2026-03-25 01:01:27,655 INFO sqlalchemy.engine.Engine SELECT logistics_vehicles.id, logistics_vehicles.code, logistics_vehicles.vehicle_type, logistics_vehicles.warehouse_id, logistics_vehicles.assigned_driver_id, logistics_vehicles.model, logistics_vehicles.year, logistics_vehicles.license_plate, logistics_vehicles.status, logistics_vehicles.fuel_efficiency, logistics_vehicles.mileage, logistics_vehicles.next_service_date, logistics_vehicles.maintenance_issue, logistics_vehicles.created_at, logistics_vehicles.updated_at 
FROM logistics_vehicles 
WHERE logistics_vehicles.id IN ($1::UUID)
2026-03-25 01:01:27,656 INFO sqlalchemy.engine.Engine [cached since 152.6s ago] (UUID('c6568bb2-39b7-44b7-a08f-de2846bd77ea'),)
2026-03-25 01:01:27,658 INFO sqlalchemy.engine.Engine SELECT logistics_vehicles.id, logistics_vehicles.code, logistics_vehicles.vehicle_type, logistics_vehicles.warehouse_id, logistics_vehicles.assigned_driver_id, logistics_vehicles.model, logistics_vehicles.year, logistics_vehicles.license_plate, logistics_vehicles.status, logistics_vehicles.fuel_efficiency, logistics_vehicles.mileage, logistics_vehicles.next_service_date, logistics_vehicles.maintenance_issue, logistics_vehicles.created_at, logistics_vehicles.updated_at 
FROM logistics_vehicles 
WHERE logistics_vehicles.warehouse_id = $1::UUID AND (logistics_vehicles.assigned_driver_id = $2::UUID OR logistics_vehicles.warehouse_id = $3::UUID AND (logistics_vehicles.assigned_driver_id IS NULL OR logistics_vehicles.assigned_driver_id = $4::UUID)) ORDER BY logistics_vehicles.created_at DESC
2026-03-25 01:01:27,660 INFO sqlalchemy.engine.Engine [cached since 152.6s ago] (UUID('b7345343-13ae-46fe-b467-005bf9cfbb89'), UUID('8ce4bdac-8306-4b07-b065-a2a232c94f47'), UUID('b7345343-13ae-46fe-b467-005bf9cfbb89'), UUID('8ce4bdac-8306-4b07-b065-a2a232c94f47'))
2026-03-25 01:01:27,663 INFO sqlalchemy.engine.Engine SELECT orders.id, orders.tracking_code, orders.order_type, orders.status, orders.warehouse_substatus, orders.customer_id, orders.warehouse_id, orders.assigned_driver_id, orders.assigned_vehicle_id, orders.pickup_addr, orders.delivery_addr, orders.delivery_lat, orders.delivery_lng, orders.cargo_type, orders.vehicle_type, orders.labor_count, orders.base_amount, orders.vehicle_amount, orders.labor_amount, orders.materials_amount, orders.packing_amount, orders.platform_fee, orders.tax_amount, orders.total_amount, orders.payment_mode, orders.payment_status, orders.paid_amount, orders.declared_value, orders.service_otp, orders.service_time_block, orders.scheduled_at, orders.cancel_reason, orders.picking_started_at, orders.picking_completed_at, orders.packing_started_at, orders.packing_completed_at, orders.created_at, orders.updated_at 
FROM orders 
WHERE orders.status IN ($1::VARCHAR, $2::VARCHAR) AND orders.assigned_vehicle_id IS NOT NULL AND orders.assigned_driver_id IS NOT NULL
2026-03-25 01:01:27,664 INFO sqlalchemy.engine.Engine [cached since 152.6s ago] ('ASSIGNED', 'IN_TRANSIT')
2026-03-25 01:01:27,665 INFO sqlalchemy.engine.Engine SELECT users.id, users.name, users.username, users.email, users.phone, users.alt_phone, users.date_of_birth, users.address, users.preferred_language, users.preferred_currency, users.default_payment_method, users.notifications_push, users.notifications_sms, users.notifications_email, users.notifications_geofence, users.notifications_promo, users.privacy_location, users.privacy_analytics, users.privacy_marketing, users.password_hash, users.role_id, users.warehouse_id, users.is_active, users.last_login, users.created_at, users.updated_at 
FROM users 
WHERE users.id IN ($1::UUID)
2026-03-25 01:01:27,667 INFO sqlalchemy.engine.Engine [cached since 152.6s ago] (UUID('8ce4bdac-8306-4b07-b065-a2a232c94f47'),)
INFO:     127.0.0.1:59433 - "GET /api/v1/logistics/drivers/me/dashboard HTTP/1.1" 200 OK
2026-03-25 01:01:27,672 INFO sqlalchemy.engine.Engine COMMIT
2026-03-25 01:01:27,985 INFO sqlalchemy.engine.Engine BEGIN (implicit)
2026-03-25 01:01:27,987 INFO sqlalchemy.engine.Engine SELECT users.id, users.name, users.username, users.email, users.phone, users.alt_phone, users.date_of_birth, users.address, users.preferred_language, users.preferred_currency, users.default_payment_method, users.notifications_push, users.notifications_sms, users.notifications_email, users.notifications_geofence, users.notifications_promo, users.privacy_location, users.privacy_analytics, users.privacy_marketing, users.password_hash, users.role_id, users.warehouse_id, users.is_active, users.last_login, users.created_at, users.updated_at 
FROM users 
WHERE users.id = $1::UUID
2026-03-25 01:01:27,988 INFO sqlalchemy.engine.Engine [cached since 153.1s ago] (UUID('8ce4bdac-8306-4b07-b065-a2a232c94f47'),)
2026-03-25 01:01:27,991 INFO sqlalchemy.engine.Engine SELECT users.id 
FROM users 
WHERE users.id = $1::UUID
2026-03-25 01:01:27,992 INFO sqlalchemy.engine.Engine [cached since 773.9s ago] (UUID('8ce4bdac-8306-4b07-b065-a2a232c94f47'),)
2026-03-25 01:01:27,994 INFO sqlalchemy.engine.Engine SELECT roles.id AS roles_id, roles.name AS roles_name 
FROM roles 
WHERE roles.id = $1::INTEGER
2026-03-25 01:01:27,996 INFO sqlalchemy.engine.Engine [cached since 749s ago] (4,)
2026-03-25 01:01:27,997 INFO sqlalchemy.engine.Engine SELECT logistics_driver_profiles.id, logistics_driver_profiles.user_id, logistics_driver_profiles.warehouse_id, logistics_driver_profiles.status, logistics_driver_profiles.current_location, logistics_driver_profiles.current_job, logistics_driver_profiles.efficiency_score, logistics_driver_profiles.avatar_color, logistics_driver_profiles.chat_history, logistics_driver_profiles.created_at, logistics_driver_profiles.updated_at 
FROM logistics_driver_profiles 
WHERE logistics_driver_profiles.user_id = $1::UUID
2026-03-25 01:01:27,999 INFO sqlalchemy.engine.Engine [cached since 153.1s ago] (UUID('8ce4bdac-8306-4b07-b065-a2a232c94f47'),)
2026-03-25 01:01:28,001 INFO sqlalchemy.engine.Engine SELECT warehouses.id, warehouses.name, warehouses.address, warehouses.lat, warehouses.lng, warehouses.manager_id, warehouses.floor_plan_json, warehouses.capacity_limit, warehouses.is_active, warehouses.created_at, warehouses.updated_at 
FROM warehouses 
WHERE warehouses.id = $1::UUID
2026-03-25 01:01:28,002 INFO sqlalchemy.engine.Engine [cached since 153s ago] (UUID('b7345343-13ae-46fe-b467-005bf9cfbb89'),)
2026-03-25 01:01:28,006 INFO sqlalchemy.engine.Engine SELECT orders.id, orders.tracking_code, orders.order_type, orders.status, orders.warehouse_substatus, orders.customer_id, orders.warehouse_id, orders.assigned_driver_id, orders.assigned_vehicle_id, orders.pickup_addr, orders.delivery_addr, orders.delivery_lat, orders.delivery_lng, orders.cargo_type, orders.vehicle_type, orders.labor_count, orders.base_amount, orders.vehicle_amount, orders.labor_amount, orders.materials_amount, orders.packing_amount, orders.platform_fee, orders.tax_amount, orders.total_amount, orders.payment_mode, orders.payment_status, orders.paid_amount, orders.declared_value, orders.service_otp, orders.service_time_block, orders.scheduled_at, orders.cancel_reason, orders.picking_started_at, orders.picking_completed_at, orders.packing_started_at, orders.packing_completed_at, orders.created_at, orders.updated_at 
FROM orders 
WHERE orders.assigned_driver_id = $1::UUID AND (orders.status NOT IN ($2::VARCHAR, $3::VARCHAR)) ORDER BY orders.scheduled_at ASC NULLS LAST, orders.created_at ASC
2026-03-25 01:01:28,007 INFO sqlalchemy.engine.Engine [cached since 153s ago] (UUID('8ce4bdac-8306-4b07-b065-a2a232c94f47'), 'DRAFT', 'CANCELLED')
2026-03-25 01:01:28,009 INFO sqlalchemy.engine.Engine SELECT order_items.order_id AS order_items_order_id, order_items.id AS order_items_id, order_items.sku AS order_items_sku, order_items.quantity AS order_items_quantity, order_items.box_count AS order_items_box_count, order_items.estimated_volume AS order_items_estimated_volume, order_items.created_at AS order_items_created_at 
FROM order_items 
WHERE order_items.order_id IN ($1::UUID)
2026-03-25 01:01:28,011 INFO sqlalchemy.engine.Engine [cached since 153s ago] (UUID('acc982ee-61cc-4f55-b505-fe9c17374a25'),)
2026-03-25 01:01:28,014 INFO sqlalchemy.engine.Engine SELECT logistics_vehicles.id, logistics_vehicles.code, logistics_vehicles.vehicle_type, logistics_vehicles.warehouse_id, logistics_vehicles.assigned_driver_id, logistics_vehicles.model, logistics_vehicles.year, logistics_vehicles.license_plate, logistics_vehicles.status, logistics_vehicles.fuel_efficiency, logistics_vehicles.mileage, logistics_vehicles.next_service_date, logistics_vehicles.maintenance_issue, logistics_vehicles.created_at, logistics_vehicles.updated_at 
FROM logistics_vehicles 
WHERE logistics_vehicles.id IN ($1::UUID)
2026-03-25 01:01:28,015 INFO sqlalchemy.engine.Engine [cached since 153s ago] (UUID('c6568bb2-39b7-44b7-a08f-de2846bd77ea'),)
2026-03-25 01:01:28,017 INFO sqlalchemy.engine.Engine SELECT logistics_vehicles.id, logistics_vehicles.code, logistics_vehicles.vehicle_type, logistics_vehicles.warehouse_id, logistics_vehicles.assigned_driver_id, logistics_vehicles.model, logistics_vehicles.year, logistics_vehicles.license_plate, logistics_vehicles.status, logistics_vehicles.fuel_efficiency, logistics_vehicles.mileage, logistics_vehicles.next_service_date, logistics_vehicles.maintenance_issue, logistics_vehicles.created_at, logistics_vehicles.updated_at 
FROM logistics_vehicles 
WHERE logistics_vehicles.warehouse_id = $1::UUID AND (logistics_vehicles.assigned_driver_id = $2::UUID OR logistics_vehicles.warehouse_id = $3::UUID AND (logistics_vehicles.assigned_driver_id IS NULL OR logistics_vehicles.assigned_driver_id = $4::UUID)) ORDER BY logistics_vehicles.created_at DESC
2026-03-25 01:01:28,019 INFO sqlalchemy.engine.Engine [cached since 153s ago] (UUID('b7345343-13ae-46fe-b467-005bf9cfbb89'), UUID('8ce4bdac-8306-4b07-b065-a2a232c94f47'), UUID('b7345343-13ae-46fe-b467-005bf9cfbb89'), UUID('8ce4bdac-8306-4b07-b065-a2a232c94f47'))
2026-03-25 01:01:28,021 INFO sqlalchemy.engine.Engine SELECT orders.id, orders.tracking_code, orders.order_type, orders.status, orders.warehouse_substatus, orders.customer_id, orders.warehouse_id, orders.assigned_driver_id, orders.assigned_vehicle_id, orders.pickup_addr, orders.delivery_addr, orders.delivery_lat, orders.delivery_lng, orders.cargo_type, orders.vehicle_type, orders.labor_count, orders.base_amount, orders.vehicle_amount, orders.labor_amount, orders.materials_amount, orders.packing_amount, orders.platform_fee, orders.tax_amount, orders.total_amount, orders.payment_mode, orders.payment_status, orders.paid_amount, orders.declared_value, orders.service_otp, orders.service_time_block, orders.scheduled_at, orders.cancel_reason, orders.picking_started_at, orders.picking_completed_at, orders.packing_started_at, orders.packing_completed_at, orders.created_at, orders.updated_at 
FROM orders 
WHERE orders.status IN ($1::VARCHAR, $2::VARCHAR) AND orders.assigned_vehicle_id IS NOT NULL AND orders.assigned_driver_id IS NOT NULL
2026-03-25 01:01:28,022 INFO sqlalchemy.engine.Engine [cached since 153s ago] ('ASSIGNED', 'IN_TRANSIT')
2026-03-25 01:01:28,024 INFO sqlalchemy.engine.Engine SELECT users.id, users.name, users.username, users.email, users.phone, users.alt_phone, users.date_of_birth, users.address, users.preferred_language, users.preferred_currency, users.default_payment_method, users.notifications_push, users.notifications_sms, users.notifications_email, users.notifications_geofence, users.notifications_promo, users.privacy_location, users.privacy_analytics, users.privacy_marketing, users.password_hash, users.role_id, users.warehouse_id, users.is_active, users.last_login, users.created_at, users.updated_at 
FROM users 
WHERE users.id IN ($1::UUID)
2026-03-25 01:01:28,026 INFO sqlalchemy.engine.Engine [cached since 153s ago] (UUID('8ce4bdac-8306-4b07-b065-a2a232c94f47'),)
INFO:     127.0.0.1:59433 - "GET /api/v1/logistics/drivers/me/dashboard HTTP/1.1" 200 OK
2026-03-25 01:01:28,032 INFO sqlalchemy.engine.Engine COMMIT
INFO:     127.0.0.1:59433 - "OPTIONS /api/v1/logistics/vehicles HTTP/1.1" 200 OK
2026-03-25 01:01:28,053 INFO sqlalchemy.engine.Engine BEGIN (implicit)
2026-03-25 01:01:28,054 INFO sqlalchemy.engine.Engine SELECT users.id, users.name, users.username, users.email, users.phone, users.alt_phone, users.date_of_birth, users.address, users.preferred_language, users.preferred_currency, users.default_payment_method, users.notifications_push, users.notifications_sms, users.notifications_email, users.notifications_geofence, users.notifications_promo, users.privacy_location, users.privacy_analytics, users.privacy_marketing, users.password_hash, users.role_id, users.warehouse_id, users.is_active, users.last_login, users.created_at, users.updated_at 
FROM users 
WHERE users.id = $1::UUID
2026-03-25 01:01:28,055 INFO sqlalchemy.engine.Engine [cached since 153.2s ago] (UUID('8ce4bdac-8306-4b07-b065-a2a232c94f47'),)
2026-03-25 01:01:28,059 INFO sqlalchemy.engine.Engine SELECT users.id 
FROM users 
WHERE users.id = $1::UUID
2026-03-25 01:01:28,061 INFO sqlalchemy.engine.Engine [cached since 774s ago] (UUID('8ce4bdac-8306-4b07-b065-a2a232c94f47'),)
2026-03-25 01:01:28,063 INFO sqlalchemy.engine.Engine SELECT roles.id AS roles_id, roles.name AS roles_name 
FROM roles 
WHERE roles.id = $1::INTEGER
2026-03-25 01:01:28,063 INFO sqlalchemy.engine.Engine [cached since 749.1s ago] (4,)
2026-03-25 01:01:28,067 INFO sqlalchemy.engine.Engine SELECT logistics_vehicles.id, logistics_vehicles.code, logistics_vehicles.vehicle_type, logistics_vehicles.warehouse_id, logistics_vehicles.assigned_driver_id, logistics_vehicles.model, logistics_vehicles.year, logistics_vehicles.license_plate, logistics_vehicles.status, logistics_vehicles.fuel_efficiency, logistics_vehicles.mileage, logistics_vehicles.next_service_date, logistics_vehicles.maintenance_issue, logistics_vehicles.created_at, logistics_vehicles.updated_at 
FROM logistics_vehicles 
WHERE logistics_vehicles.warehouse_id = $1::UUID AND (logistics_vehicles.assigned_driver_id = $2::UUID OR logistics_vehicles.warehouse_id = $3::UUID AND (logistics_vehicles.assigned_driver_id IS NULL OR logistics_vehicles.assigned_driver_id = $4::UUID)) ORDER BY logistics_vehicles.created_at DESC
2026-03-25 01:01:28,068 INFO sqlalchemy.engine.Engine [cached since 153s ago] (UUID('b7345343-13ae-46fe-b467-005bf9cfbb89'), UUID('8ce4bdac-8306-4b07-b065-a2a232c94f47'), UUID('b7345343-13ae-46fe-b467-005bf9cfbb89'), UUID('8ce4bdac-8306-4b07-b065-a2a232c94f47'))
2026-03-25 01:01:28,071 INFO sqlalchemy.engine.Engine SELECT orders.id, orders.tracking_code, orders.order_type, orders.status, orders.warehouse_substatus, orders.customer_id, orders.warehouse_id, orders.assigned_driver_id, orders.assigned_vehicle_id, orders.pickup_addr, orders.delivery_addr, orders.delivery_lat, orders.delivery_lng, orders.cargo_type, orders.vehicle_type, orders.labor_count, orders.base_amount, orders.vehicle_amount, orders.labor_amount, orders.materials_amount, orders.packing_amount, orders.platform_fee, orders.tax_amount, orders.total_amount, orders.payment_mode, orders.payment_status, orders.paid_amount, orders.declared_value, orders.service_otp, orders.service_time_block, orders.scheduled_at, orders.cancel_reason, orders.picking_started_at, orders.picking_completed_at, orders.packing_started_at, orders.packing_completed_at, orders.created_at, orders.updated_at 
FROM orders 
WHERE orders.status IN ($1::VARCHAR, $2::VARCHAR) AND orders.assigned_vehicle_id IS NOT NULL AND orders.assigned_driver_id IS NOT NULL
2026-03-25 01:01:28,071 INFO sqlalchemy.engine.Engine [cached since 153s ago] ('ASSIGNED', 'IN_TRANSIT')
2026-03-25 01:01:28,075 INFO sqlalchemy.engine.Engine SELECT users.id, users.name, users.username, users.email, users.phone, users.alt_phone, users.date_of_birth, users.address, users.preferred_language, users.preferred_currency, users.default_payment_method, users.notifications_push, users.notifications_sms, users.notifications_email, users.notifications_geofence, users.notifications_promo, users.privacy_location, users.privacy_analytics, users.privacy_marketing, users.password_hash, users.role_id, users.warehouse_id, users.is_active, users.last_login, users.created_at, users.updated_at 
FROM users 
WHERE users.id IN ($1::UUID)
2026-03-25 01:01:28,076 INFO sqlalchemy.engine.Engine [cached since 153s ago] (UUID('8ce4bdac-8306-4b07-b065-a2a232c94f47'),)
INFO:     127.0.0.1:59434 - "GET /api/v1/logistics/vehicles HTTP/1.1" 200 OK
2026-03-25 01:01:28,082 INFO sqlalchemy.engine.Engine COMMIT
INFO:     127.0.0.1:59433 - "OPTIONS /api/v1/logistics/drivers/me/bind-vehicle HTTP/1.1" 200 OK
2026-03-25 01:01:30,446 INFO sqlalchemy.engine.Engine BEGIN (implicit)
2026-03-25 01:01:30,447 INFO sqlalchemy.engine.Engine SELECT users.id, users.name, users.username, users.email, users.phone, users.alt_phone, users.date_of_birth, users.address, users.preferred_language, users.preferred_currency, users.default_payment_method, users.notifications_push, users.notifications_sms, users.notifications_email, users.notifications_geofence, users.notifications_promo, users.privacy_location, users.privacy_analytics, users.privacy_marketing, users.password_hash, users.role_id, users.warehouse_id, users.is_active, users.last_login, users.created_at, users.updated_at 
FROM users 
WHERE users.id = $1::UUID
2026-03-25 01:01:30,448 INFO sqlalchemy.engine.Engine [cached since 155.6s ago] (UUID('8ce4bdac-8306-4b07-b065-a2a232c94f47'),)
2026-03-25 01:01:30,451 INFO sqlalchemy.engine.Engine SELECT users.id 
FROM users 
WHERE users.id = $1::UUID
2026-03-25 01:01:30,451 INFO sqlalchemy.engine.Engine [cached since 776.4s ago] (UUID('8ce4bdac-8306-4b07-b065-a2a232c94f47'),)
2026-03-25 01:01:30,453 INFO sqlalchemy.engine.Engine SELECT roles.id AS roles_id, roles.name AS roles_name 
FROM roles 
WHERE roles.id = $1::INTEGER
2026-03-25 01:01:30,454 INFO sqlalchemy.engine.Engine [cached since 751.5s ago] (4,)
2026-03-25 01:01:30,456 INFO sqlalchemy.engine.Engine SELECT logistics_vehicles.id, logistics_vehicles.code, logistics_vehicles.vehicle_type, logistics_vehicles.warehouse_id, logistics_vehicles.assigned_driver_id, logistics_vehicles.model, logistics_vehicles.year, logistics_vehicles.license_plate, logistics_vehicles.status, logistics_vehicles.fuel_efficiency, logistics_vehicles.mileage, logistics_vehicles.next_service_date, logistics_vehicles.maintenance_issue, logistics_vehicles.created_at, logistics_vehicles.updated_at 
FROM logistics_vehicles 
WHERE logistics_vehicles.id = $1::UUID
2026-03-25 01:01:30,457 INFO sqlalchemy.engine.Engine [cached since 115.6s ago] (UUID('c6568bb2-39b7-44b7-a08f-de2846bd77ea'),)
2026-03-25 01:01:30,460 INFO sqlalchemy.engine.Engine SELECT logistics_driver_profiles.id, logistics_driver_profiles.user_id, logistics_driver_profiles.warehouse_id, logistics_driver_profiles.status, logistics_driver_profiles.current_location, logistics_driver_profiles.current_job, logistics_driver_profiles.efficiency_score, logistics_driver_profiles.avatar_color, logistics_driver_profiles.chat_history, logistics_driver_profiles.created_at, logistics_driver_profiles.updated_at 
FROM logistics_driver_profiles 
WHERE logistics_driver_profiles.user_id = $1::UUID
2026-03-25 01:01:30,460 INFO sqlalchemy.engine.Engine [cached since 155.5s ago] (UUID('8ce4bdac-8306-4b07-b065-a2a232c94f47'),)
2026-03-25 01:01:30,463 INFO sqlalchemy.engine.Engine SELECT orders.id, orders.tracking_code, orders.order_type, orders.status, orders.warehouse_substatus, orders.customer_id, orders.warehouse_id, orders.assigned_driver_id, orders.assigned_vehicle_id, orders.pickup_addr, orders.delivery_addr, orders.delivery_lat, orders.delivery_lng, orders.cargo_type, orders.vehicle_type, orders.labor_count, orders.base_amount, orders.vehicle_amount, orders.labor_amount, orders.materials_amount, orders.packing_amount, orders.platform_fee, orders.tax_amount, orders.total_amount, orders.payment_mode, orders.payment_status, orders.paid_amount, orders.declared_value, orders.service_otp, orders.service_time_block, orders.scheduled_at, orders.cancel_reason, orders.picking_started_at, orders.picking_completed_at, orders.packing_started_at, orders.packing_completed_at, orders.created_at, orders.updated_at 
FROM orders 
WHERE orders.assigned_driver_id = $1::UUID AND (orders.status NOT IN ($2::VARCHAR, $3::VARCHAR, $4::VARCHAR, $5::VARCHAR))
2026-03-25 01:01:30,463 INFO sqlalchemy.engine.Engine [cached since 115.6s ago] (UUID('8ce4bdac-8306-4b07-b065-a2a232c94f47'), 'DELIVERED', 'COMPLETED', 'CANCELLED', 'CLOSED')
INFO:     127.0.0.1:59433 - "POST /api/v1/logistics/drivers/me/bind-vehicle HTTP/1.1" 200 OK
2026-03-25 01:01:30,468 INFO sqlalchemy.engine.Engine COMMIT
2026-03-25 01:01:30,527 INFO sqlalchemy.engine.Engine BEGIN (implicit)
2026-03-25 01:01:30,529 INFO sqlalchemy.engine.Engine SELECT users.id, users.name, users.username, users.email, users.phone, users.alt_phone, users.date_of_birth, users.address, users.preferred_language, users.preferred_currency, users.default_payment_method, users.notifications_push, users.notifications_sms, users.notifications_email, users.notifications_geofence, users.notifications_promo, users.privacy_location, users.privacy_analytics, users.privacy_marketing, users.password_hash, users.role_id, users.warehouse_id, users.is_active, users.last_login, users.created_at, users.updated_at 
FROM users 
WHERE users.id = $1::UUID
2026-03-25 01:01:30,530 INFO sqlalchemy.engine.Engine [cached since 155.7s ago] (UUID('8ce4bdac-8306-4b07-b065-a2a232c94f47'),)
2026-03-25 01:01:30,532 INFO sqlalchemy.engine.Engine SELECT users.id 
FROM users 
WHERE users.id = $1::UUID
2026-03-25 01:01:30,533 INFO sqlalchemy.engine.Engine [cached since 776.4s ago] (UUID('8ce4bdac-8306-4b07-b065-a2a232c94f47'),)
2026-03-25 01:01:30,535 INFO sqlalchemy.engine.Engine SELECT roles.id AS roles_id, roles.name AS roles_name 
FROM roles 
WHERE roles.id = $1::INTEGER
2026-03-25 01:01:30,536 INFO sqlalchemy.engine.Engine [cached since 751.5s ago] (4,)
2026-03-25 01:01:30,539 INFO sqlalchemy.engine.Engine SELECT logistics_driver_profiles.id, logistics_driver_profiles.user_id, logistics_driver_profiles.warehouse_id, logistics_driver_profiles.status, logistics_driver_profiles.current_location, logistics_driver_profiles.current_job, logistics_driver_profiles.efficiency_score, logistics_driver_profiles.avatar_color, logistics_driver_profiles.chat_history, logistics_driver_profiles.created_at, logistics_driver_profiles.updated_at 
FROM logistics_driver_profiles 
WHERE logistics_driver_profiles.user_id = $1::UUID
2026-03-25 01:01:30,540 INFO sqlalchemy.engine.Engine [cached since 155.6s ago] (UUID('8ce4bdac-8306-4b07-b065-a2a232c94f47'),)
2026-03-25 01:01:30,542 INFO sqlalchemy.engine.Engine SELECT warehouses.id, warehouses.name, warehouses.address, warehouses.lat, warehouses.lng, warehouses.manager_id, warehouses.floor_plan_json, warehouses.capacity_limit, warehouses.is_active, warehouses.created_at, warehouses.updated_at 
FROM warehouses 
WHERE warehouses.id = $1::UUID
2026-03-25 01:01:30,543 INFO sqlalchemy.engine.Engine [cached since 155.6s ago] (UUID('b7345343-13ae-46fe-b467-005bf9cfbb89'),)
2026-03-25 01:01:30,545 INFO sqlalchemy.engine.Engine SELECT orders.id, orders.tracking_code, orders.order_type, orders.status, orders.warehouse_substatus, orders.customer_id, orders.warehouse_id, orders.assigned_driver_id, orders.assigned_vehicle_id, orders.pickup_addr, orders.delivery_addr, orders.delivery_lat, orders.delivery_lng, orders.cargo_type, orders.vehicle_type, orders.labor_count, orders.base_amount, orders.vehicle_amount, orders.labor_amount, orders.materials_amount, orders.packing_amount, orders.platform_fee, orders.tax_amount, orders.total_amount, orders.payment_mode, orders.payment_status, orders.paid_amount, orders.declared_value, orders.service_otp, orders.service_time_block, orders.scheduled_at, orders.cancel_reason, orders.picking_started_at, orders.picking_completed_at, orders.packing_started_at, orders.packing_completed_at, orders.created_at, orders.updated_at 
FROM orders 
WHERE orders.assigned_driver_id = $1::UUID AND (orders.status NOT IN ($2::VARCHAR, $3::VARCHAR)) ORDER BY orders.scheduled_at ASC NULLS LAST, orders.created_at ASC
2026-03-25 01:01:30,547 INFO sqlalchemy.engine.Engine [cached since 155.6s ago] (UUID('8ce4bdac-8306-4b07-b065-a2a232c94f47'), 'DRAFT', 'CANCELLED')
2026-03-25 01:01:30,549 INFO sqlalchemy.engine.Engine SELECT order_items.order_id AS order_items_order_id, order_items.id AS order_items_id, order_items.sku AS order_items_sku, order_items.quantity AS order_items_quantity, order_items.box_count AS order_items_box_count, order_items.estimated_volume AS order_items_estimated_volume, order_items.created_at AS order_items_created_at 
FROM order_items 
WHERE order_items.order_id IN ($1::UUID)
2026-03-25 01:01:30,550 INFO sqlalchemy.engine.Engine [cached since 155.5s ago] (UUID('acc982ee-61cc-4f55-b505-fe9c17374a25'),)
2026-03-25 01:01:30,553 INFO sqlalchemy.engine.Engine SELECT logistics_vehicles.id, logistics_vehicles.code, logistics_vehicles.vehicle_type, logistics_vehicles.warehouse_id, logistics_vehicles.assigned_driver_id, logistics_vehicles.model, logistics_vehicles.year, logistics_vehicles.license_plate, logistics_vehicles.status, logistics_vehicles.fuel_efficiency, logistics_vehicles.mileage, logistics_vehicles.next_service_date, logistics_vehicles.maintenance_issue, logistics_vehicles.created_at, logistics_vehicles.updated_at 
FROM logistics_vehicles 
WHERE logistics_vehicles.id IN ($1::UUID)
2026-03-25 01:01:30,553 INFO sqlalchemy.engine.Engine [cached since 155.5s ago] (UUID('c6568bb2-39b7-44b7-a08f-de2846bd77ea'),)
2026-03-25 01:01:30,556 INFO sqlalchemy.engine.Engine SELECT logistics_vehicles.id, logistics_vehicles.code, logistics_vehicles.vehicle_type, logistics_vehicles.warehouse_id, logistics_vehicles.assigned_driver_id, logistics_vehicles.model, logistics_vehicles.year, logistics_vehicles.license_plate, logistics_vehicles.status, logistics_vehicles.fuel_efficiency, logistics_vehicles.mileage, logistics_vehicles.next_service_date, logistics_vehicles.maintenance_issue, logistics_vehicles.created_at, logistics_vehicles.updated_at 
FROM logistics_vehicles 
WHERE logistics_vehicles.warehouse_id = $1::UUID AND (logistics_vehicles.assigned_driver_id = $2::UUID OR logistics_vehicles.warehouse_id = $3::UUID AND (logistics_vehicles.assigned_driver_id IS NULL OR logistics_vehicles.assigned_driver_id = $4::UUID)) ORDER BY logistics_vehicles.created_at DESC
2026-03-25 01:01:30,557 INFO sqlalchemy.engine.Engine [cached since 155.5s ago] (UUID('b7345343-13ae-46fe-b467-005bf9cfbb89'), UUID('8ce4bdac-8306-4b07-b065-a2a232c94f47'), UUID('b7345343-13ae-46fe-b467-005bf9cfbb89'), UUID('8ce4bdac-8306-4b07-b065-a2a232c94f47'))
2026-03-25 01:01:30,560 INFO sqlalchemy.engine.Engine SELECT orders.id, orders.tracking_code, orders.order_type, orders.status, orders.warehouse_substatus, orders.customer_id, orders.warehouse_id, orders.assigned_driver_id, orders.assigned_vehicle_id, orders.pickup_addr, orders.delivery_addr, orders.delivery_lat, orders.delivery_lng, orders.cargo_type, orders.vehicle_type, orders.labor_count, orders.base_amount, orders.vehicle_amount, orders.labor_amount, orders.materials_amount, orders.packing_amount, orders.platform_fee, orders.tax_amount, orders.total_amount, orders.payment_mode, orders.payment_status, orders.paid_amount, orders.declared_value, orders.service_otp, orders.service_time_block, orders.scheduled_at, orders.cancel_reason, orders.picking_started_at, orders.picking_completed_at, orders.packing_started_at, orders.packing_completed_at, orders.created_at, orders.updated_at 
FROM orders 
WHERE orders.status IN ($1::VARCHAR, $2::VARCHAR) AND orders.assigned_vehicle_id IS NOT NULL AND orders.assigned_driver_id IS NOT NULL
2026-03-25 01:01:30,560 INFO sqlalchemy.engine.Engine [cached since 155.5s ago] ('ASSIGNED', 'IN_TRANSIT')
2026-03-25 01:01:30,562 INFO sqlalchemy.engine.Engine SELECT users.id, users.name, users.username, users.email, users.phone, users.alt_phone, users.date_of_birth, users.address, users.preferred_language, users.preferred_currency, users.default_payment_method, users.notifications_push, users.notifications_sms, users.notifications_email, users.notifications_geofence, users.notifications_promo, users.privacy_location, users.privacy_analytics, users.privacy_marketing, users.password_hash, users.role_id, users.warehouse_id, users.is_active, users.last_login, users.created_at, users.updated_at 
FROM users 
WHERE users.id IN ($1::UUID)
2026-03-25 01:01:30,563 INFO sqlalchemy.engine.Engine [cached since 155.5s ago] (UUID('8ce4bdac-8306-4b07-b065-a2a232c94f47'),)
INFO:     127.0.0.1:59433 - "GET /api/v1/logistics/drivers/me/dashboard HTTP/1.1" 200 OK
2026-03-25 01:01:30,569 INFO sqlalchemy.engine.Engine COMMIT
INFO:     127.0.0.1:59458 - "OPTIONS /api/v1/auth/login HTTP/1.1" 200 OK
2026-03-25 01:02:20,672 INFO sqlalchemy.engine.Engine BEGIN (implicit)
2026-03-25 01:02:20,673 INFO sqlalchemy.engine.Engine SELECT users.id, users.name, users.username, users.email, users.phone, users.alt_phone, users.date_of_birth, users.address, users.preferred_language, users.preferred_currency, users.default_payment_method, users.notifications_push, users.notifications_sms, users.notifications_email, users.notifications_geofence, users.notifications_promo, users.privacy_location, users.privacy_analytics, users.privacy_marketing, users.password_hash, users.role_id, users.warehouse_id, users.is_active, users.last_login, users.created_at, users.updated_at 
FROM users 
WHERE users.email = $1::VARCHAR OR users.username = $2::VARCHAR
2026-03-25 01:02:20,674 INFO sqlalchemy.engine.Engine [cached since 802.3s ago] ('driver1@gmail.com', 'driver1_gmail_com')
2026-03-25 01:02:21,173 INFO sqlalchemy.engine.Engine UPDATE users SET last_login=$1::TIMESTAMP WITH TIME ZONE, updated_at=$2::TIMESTAMP WITH TIME ZONE WHERE users.id = $3::UUID
2026-03-25 01:02:21,175 INFO sqlalchemy.engine.Engine [cached since 802.2s ago] (datetime.datetime(2026, 3, 24, 19, 32, 21, 172956, tzinfo=datetime.timezone.utc), datetime.datetime(2026, 3, 24, 19, 32, 21, 173522, tzinfo=datetime.timezone.utc), UUID('8ce4bdac-8306-4b07-b065-a2a232c94f47'))
2026-03-25 01:02:21,177 INFO sqlalchemy.engine.Engine SELECT users.id 
FROM users 
WHERE users.id = $1::UUID
2026-03-25 01:02:21,178 INFO sqlalchemy.engine.Engine [cached since 827.1s ago] (UUID('8ce4bdac-8306-4b07-b065-a2a232c94f47'),)
2026-03-25 01:02:21,180 INFO sqlalchemy.engine.Engine SELECT roles.id AS roles_id, roles.name AS roles_name 
FROM roles 
WHERE roles.id = $1::INTEGER
2026-03-25 01:02:21,181 INFO sqlalchemy.engine.Engine [cached since 802.2s ago] (4,)
INFO:     127.0.0.1:59458 - "POST /api/v1/auth/login HTTP/1.1" 200 OK
2026-03-25 01:02:21,187 INFO sqlalchemy.engine.Engine COMMIT
INFO:     127.0.0.1:59458 - "OPTIONS /api/v1/auth/me HTTP/1.1" 200 OK
2026-03-25 01:02:21,283 INFO sqlalchemy.engine.Engine BEGIN (implicit)
2026-03-25 01:02:21,284 INFO sqlalchemy.engine.Engine SELECT users.id, users.name, users.username, users.email, users.phone, users.alt_phone, users.date_of_birth, users.address, users.preferred_language, users.preferred_currency, users.default_payment_method, users.notifications_push, users.notifications_sms, users.notifications_email, users.notifications_geofence, users.notifications_promo, users.privacy_location, users.privacy_analytics, users.privacy_marketing, users.password_hash, users.role_id, users.warehouse_id, users.is_active, users.last_login, users.created_at, users.updated_at 
FROM users 
WHERE users.id = $1::UUID
2026-03-25 01:02:21,285 INFO sqlalchemy.engine.Engine [cached since 206.4s ago] (UUID('8ce4bdac-8306-4b07-b065-a2a232c94f47'),)
2026-03-25 01:02:21,288 INFO sqlalchemy.engine.Engine SELECT users.id 
FROM users 
WHERE users.id = $1::UUID
2026-03-25 01:02:21,289 INFO sqlalchemy.engine.Engine [cached since 827.2s ago] (UUID('8ce4bdac-8306-4b07-b065-a2a232c94f47'),)
2026-03-25 01:02:21,290 INFO sqlalchemy.engine.Engine SELECT roles.id AS roles_id, roles.name AS roles_name 
FROM roles 
WHERE roles.id = $1::INTEGER
2026-03-25 01:02:21,291 INFO sqlalchemy.engine.Engine [cached since 802.3s ago] (4,)
INFO:     127.0.0.1:59459 - "GET /api/v1/auth/me HTTP/1.1" 200 OK
2026-03-25 01:02:21,295 INFO sqlalchemy.engine.Engine COMMIT
INFO:     127.0.0.1:59459 - "OPTIONS /api/v1/logistics/drivers/me/dashboard HTTP/1.1" 200 OK
2026-03-25 01:02:21,344 INFO sqlalchemy.engine.Engine BEGIN (implicit)
2026-03-25 01:02:21,346 INFO sqlalchemy.engine.Engine SELECT users.id, users.name, users.username, users.email, users.phone, users.alt_phone, users.date_of_birth, users.address, users.preferred_language, users.preferred_currency, users.default_payment_method, users.notifications_push, users.notifications_sms, users.notifications_email, users.notifications_geofence, users.notifications_promo, users.privacy_location, users.privacy_analytics, users.privacy_marketing, users.password_hash, users.role_id, users.warehouse_id, users.is_active, users.last_login, users.created_at, users.updated_at 
FROM users 
WHERE users.id = $1::UUID
2026-03-25 01:02:21,346 INFO sqlalchemy.engine.Engine [cached since 206.5s ago] (UUID('8ce4bdac-8306-4b07-b065-a2a232c94f47'),)
2026-03-25 01:02:21,349 INFO sqlalchemy.engine.Engine SELECT users.id 
FROM users 
WHERE users.id = $1::UUID
2026-03-25 01:02:21,351 INFO sqlalchemy.engine.Engine [cached since 827.3s ago] (UUID('8ce4bdac-8306-4b07-b065-a2a232c94f47'),)
2026-03-25 01:02:21,353 INFO sqlalchemy.engine.Engine SELECT roles.id AS roles_id, roles.name AS roles_name 
FROM roles 
WHERE roles.id = $1::INTEGER
2026-03-25 01:02:21,354 INFO sqlalchemy.engine.Engine [cached since 802.4s ago] (4,)
2026-03-25 01:02:21,357 INFO sqlalchemy.engine.Engine SELECT logistics_driver_profiles.id, logistics_driver_profiles.user_id, logistics_driver_profiles.warehouse_id, logistics_driver_profiles.status, logistics_driver_profiles.current_location, logistics_driver_profiles.current_job, logistics_driver_profiles.efficiency_score, logistics_driver_profiles.avatar_color, logistics_driver_profiles.chat_history, logistics_driver_profiles.created_at, logistics_driver_profiles.updated_at 
FROM logistics_driver_profiles 
WHERE logistics_driver_profiles.user_id = $1::UUID
2026-03-25 01:02:21,357 INFO sqlalchemy.engine.Engine [cached since 206.4s ago] (UUID('8ce4bdac-8306-4b07-b065-a2a232c94f47'),)
2026-03-25 01:02:21,361 INFO sqlalchemy.engine.Engine SELECT warehouses.id, warehouses.name, warehouses.address, warehouses.lat, warehouses.lng, warehouses.manager_id, warehouses.floor_plan_json, warehouses.capacity_limit, warehouses.is_active, warehouses.created_at, warehouses.updated_at 
FROM warehouses 
WHERE warehouses.id = $1::UUID
2026-03-25 01:02:21,362 INFO sqlalchemy.engine.Engine [cached since 206.4s ago] (UUID('b7345343-13ae-46fe-b467-005bf9cfbb89'),)
2026-03-25 01:02:21,364 INFO sqlalchemy.engine.Engine SELECT orders.id, orders.tracking_code, orders.order_type, orders.status, orders.warehouse_substatus, orders.customer_id, orders.warehouse_id, orders.assigned_driver_id, orders.assigned_vehicle_id, orders.pickup_addr, orders.delivery_addr, orders.delivery_lat, orders.delivery_lng, orders.cargo_type, orders.vehicle_type, orders.labor_count, orders.base_amount, orders.vehicle_amount, orders.labor_amount, orders.materials_amount, orders.packing_amount, orders.platform_fee, orders.tax_amount, orders.total_amount, orders.payment_mode, orders.payment_status, orders.paid_amount, orders.declared_value, orders.service_otp, orders.service_time_block, orders.scheduled_at, orders.cancel_reason, orders.picking_started_at, orders.picking_completed_at, orders.packing_started_at, orders.packing_completed_at, orders.created_at, orders.updated_at 
FROM orders 
WHERE orders.assigned_driver_id = $1::UUID AND (orders.status NOT IN ($2::VARCHAR, $3::VARCHAR)) ORDER BY orders.scheduled_at ASC NULLS LAST, orders.created_at ASC
2026-03-25 01:02:21,365 INFO sqlalchemy.engine.Engine [cached since 206.4s ago] (UUID('8ce4bdac-8306-4b07-b065-a2a232c94f47'), 'DRAFT', 'CANCELLED')
2026-03-25 01:02:21,368 INFO sqlalchemy.engine.Engine SELECT order_items.order_id AS order_items_order_id, order_items.id AS order_items_id, order_items.sku AS order_items_sku, order_items.quantity AS order_items_quantity, order_items.box_count AS order_items_box_count, order_items.estimated_volume AS order_items_estimated_volume, order_items.created_at AS order_items_created_at 
FROM order_items 
WHERE order_items.order_id IN ($1::UUID)
2026-03-25 01:02:21,368 INFO sqlalchemy.engine.Engine [cached since 206.4s ago] (UUID('acc982ee-61cc-4f55-b505-fe9c17374a25'),)
2026-03-25 01:02:21,371 INFO sqlalchemy.engine.Engine SELECT logistics_vehicles.id, logistics_vehicles.code, logistics_vehicles.vehicle_type, logistics_vehicles.warehouse_id, logistics_vehicles.assigned_driver_id, logistics_vehicles.model, logistics_vehicles.year, logistics_vehicles.license_plate, logistics_vehicles.status, logistics_vehicles.fuel_efficiency, logistics_vehicles.mileage, logistics_vehicles.next_service_date, logistics_vehicles.maintenance_issue, logistics_vehicles.created_at, logistics_vehicles.updated_at 
FROM logistics_vehicles 
WHERE logistics_vehicles.id IN ($1::UUID)
2026-03-25 01:02:21,371 INFO sqlalchemy.engine.Engine [cached since 206.4s ago] (UUID('c6568bb2-39b7-44b7-a08f-de2846bd77ea'),)
2026-03-25 01:02:21,374 INFO sqlalchemy.engine.Engine SELECT logistics_vehicles.id, logistics_vehicles.code, logistics_vehicles.vehicle_type, logistics_vehicles.warehouse_id, logistics_vehicles.assigned_driver_id, logistics_vehicles.model, logistics_vehicles.year, logistics_vehicles.license_plate, logistics_vehicles.status, logistics_vehicles.fuel_efficiency, logistics_vehicles.mileage, logistics_vehicles.next_service_date, logistics_vehicles.maintenance_issue, logistics_vehicles.created_at, logistics_vehicles.updated_at 
FROM logistics_vehicles 
WHERE logistics_vehicles.warehouse_id = $1::UUID AND (logistics_vehicles.assigned_driver_id = $2::UUID OR logistics_vehicles.warehouse_id = $3::UUID AND (logistics_vehicles.assigned_driver_id IS NULL OR logistics_vehicles.assigned_driver_id = $4::UUID)) ORDER BY logistics_vehicles.created_at DESC
2026-03-25 01:02:21,374 INFO sqlalchemy.engine.Engine [cached since 206.3s ago] (UUID('b7345343-13ae-46fe-b467-005bf9cfbb89'), UUID('8ce4bdac-8306-4b07-b065-a2a232c94f47'), UUID('b7345343-13ae-46fe-b467-005bf9cfbb89'), UUID('8ce4bdac-8306-4b07-b065-a2a232c94f47'))
2026-03-25 01:02:21,376 INFO sqlalchemy.engine.Engine SELECT orders.id, orders.tracking_code, orders.order_type, orders.status, orders.warehouse_substatus, orders.customer_id, orders.warehouse_id, orders.assigned_driver_id, orders.assigned_vehicle_id, orders.pickup_addr, orders.delivery_addr, orders.delivery_lat, orders.delivery_lng, orders.cargo_type, orders.vehicle_type, orders.labor_count, orders.base_amount, orders.vehicle_amount, orders.labor_amount, orders.materials_amount, orders.packing_amount, orders.platform_fee, orders.tax_amount, orders.total_amount, orders.payment_mode, orders.payment_status, orders.paid_amount, orders.declared_value, orders.service_otp, orders.service_time_block, orders.scheduled_at, orders.cancel_reason, orders.picking_started_at, orders.picking_completed_at, orders.packing_started_at, orders.packing_completed_at, orders.created_at, orders.updated_at 
FROM orders 
WHERE orders.status IN ($1::VARCHAR, $2::VARCHAR) AND orders.assigned_vehicle_id IS NOT NULL AND orders.assigned_driver_id IS NOT NULL
2026-03-25 01:02:21,377 INFO sqlalchemy.engine.Engine [cached since 206.3s ago] ('ASSIGNED', 'IN_TRANSIT')
2026-03-25 01:02:21,380 INFO sqlalchemy.engine.Engine SELECT users.id, users.name, users.username, users.email, users.phone, users.alt_phone, users.date_of_birth, users.address, users.preferred_language, users.preferred_currency, users.default_payment_method, users.notifications_push, users.notifications_sms, users.notifications_email, users.notifications_geofence, users.notifications_promo, users.privacy_location, users.privacy_analytics, users.privacy_marketing, users.password_hash, users.role_id, users.warehouse_id, users.is_active, users.last_login, users.created_at, users.updated_at 
FROM users 
WHERE users.id IN ($1::UUID)
2026-03-25 01:02:21,381 INFO sqlalchemy.engine.Engine [cached since 206.3s ago] (UUID('8ce4bdac-8306-4b07-b065-a2a232c94f47'),)
INFO:     127.0.0.1:59458 - "GET /api/v1/logistics/drivers/me/dashboard HTTP/1.1" 200 OK
2026-03-25 01:02:21,386 INFO sqlalchemy.engine.Engine COMMIT
2026-03-25 01:02:21,510 INFO sqlalchemy.engine.Engine BEGIN (implicit)
2026-03-25 01:02:21,511 INFO sqlalchemy.engine.Engine SELECT users.id, users.name, users.username, users.email, users.phone, users.alt_phone, users.date_of_birth, users.address, users.preferred_language, users.preferred_currency, users.default_payment_method, users.notifications_push, users.notifications_sms, users.notifications_email, users.notifications_geofence, users.notifications_promo, users.privacy_location, users.privacy_analytics, users.privacy_marketing, users.password_hash, users.role_id, users.warehouse_id, users.is_active, users.last_login, users.created_at, users.updated_at 
FROM users 
WHERE users.id = $1::UUID
2026-03-25 01:02:21,511 INFO sqlalchemy.engine.Engine [cached since 206.7s ago] (UUID('8ce4bdac-8306-4b07-b065-a2a232c94f47'),)
2026-03-25 01:02:21,515 INFO sqlalchemy.engine.Engine SELECT users.id 
FROM users 
WHERE users.id = $1::UUID
2026-03-25 01:02:21,516 INFO sqlalchemy.engine.Engine [cached since 827.4s ago] (UUID('8ce4bdac-8306-4b07-b065-a2a232c94f47'),)
2026-03-25 01:02:21,518 INFO sqlalchemy.engine.Engine SELECT roles.id AS roles_id, roles.name AS roles_name 
FROM roles 
WHERE roles.id = $1::INTEGER
2026-03-25 01:02:21,519 INFO sqlalchemy.engine.Engine [cached since 802.5s ago] (4,)
2026-03-25 01:02:21,522 INFO sqlalchemy.engine.Engine SELECT logistics_driver_profiles.id, logistics_driver_profiles.user_id, logistics_driver_profiles.warehouse_id, logistics_driver_profiles.status, logistics_driver_profiles.current_location, logistics_driver_profiles.current_job, logistics_driver_profiles.efficiency_score, logistics_driver_profiles.avatar_color, logistics_driver_profiles.chat_history, logistics_driver_profiles.created_at, logistics_driver_profiles.updated_at 
FROM logistics_driver_profiles 
WHERE logistics_driver_profiles.user_id = $1::UUID
2026-03-25 01:02:21,522 INFO sqlalchemy.engine.Engine [cached since 206.6s ago] (UUID('8ce4bdac-8306-4b07-b065-a2a232c94f47'),)
2026-03-25 01:02:21,525 INFO sqlalchemy.engine.Engine SELECT warehouses.id, warehouses.name, warehouses.address, warehouses.lat, warehouses.lng, warehouses.manager_id, warehouses.floor_plan_json, warehouses.capacity_limit, warehouses.is_active, warehouses.created_at, warehouses.updated_at 
FROM warehouses 
WHERE warehouses.id = $1::UUID
2026-03-25 01:02:21,526 INFO sqlalchemy.engine.Engine [cached since 206.6s ago] (UUID('b7345343-13ae-46fe-b467-005bf9cfbb89'),)
2026-03-25 01:02:21,529 INFO sqlalchemy.engine.Engine SELECT orders.id, orders.tracking_code, orders.order_type, orders.status, orders.warehouse_substatus, orders.customer_id, orders.warehouse_id, orders.assigned_driver_id, orders.assigned_vehicle_id, orders.pickup_addr, orders.delivery_addr, orders.delivery_lat, orders.delivery_lng, orders.cargo_type, orders.vehicle_type, orders.labor_count, orders.base_amount, orders.vehicle_amount, orders.labor_amount, orders.materials_amount, orders.packing_amount, orders.platform_fee, orders.tax_amount, orders.total_amount, orders.payment_mode, orders.payment_status, orders.paid_amount, orders.declared_value, orders.service_otp, orders.service_time_block, orders.scheduled_at, orders.cancel_reason, orders.picking_started_at, orders.picking_completed_at, orders.packing_started_at, orders.packing_completed_at, orders.created_at, orders.updated_at 
FROM orders 
WHERE orders.assigned_driver_id = $1::UUID AND (orders.status NOT IN ($2::VARCHAR, $3::VARCHAR)) ORDER BY orders.scheduled_at ASC NULLS LAST, orders.created_at ASC
2026-03-25 01:02:21,530 INFO sqlalchemy.engine.Engine [cached since 206.6s ago] (UUID('8ce4bdac-8306-4b07-b065-a2a232c94f47'), 'DRAFT', 'CANCELLED')
2026-03-25 01:02:21,532 INFO sqlalchemy.engine.Engine SELECT order_items.order_id AS order_items_order_id, order_items.id AS order_items_id, order_items.sku AS order_items_sku, order_items.quantity AS order_items_quantity, order_items.box_count AS order_items_box_count, order_items.estimated_volume AS order_items_estimated_volume, order_items.created_at AS order_items_created_at 
FROM order_items 
WHERE order_items.order_id IN ($1::UUID)
2026-03-25 01:02:21,533 INFO sqlalchemy.engine.Engine [cached since 206.5s ago] (UUID('acc982ee-61cc-4f55-b505-fe9c17374a25'),)
2026-03-25 01:02:21,536 INFO sqlalchemy.engine.Engine SELECT logistics_vehicles.id, logistics_vehicles.code, logistics_vehicles.vehicle_type, logistics_vehicles.warehouse_id, logistics_vehicles.assigned_driver_id, logistics_vehicles.model, logistics_vehicles.year, logistics_vehicles.license_plate, logistics_vehicles.status, logistics_vehicles.fuel_efficiency, logistics_vehicles.mileage, logistics_vehicles.next_service_date, logistics_vehicles.maintenance_issue, logistics_vehicles.created_at, logistics_vehicles.updated_at 
FROM logistics_vehicles 
WHERE logistics_vehicles.id IN ($1::UUID)
2026-03-25 01:02:21,537 INFO sqlalchemy.engine.Engine [cached since 206.5s ago] (UUID('c6568bb2-39b7-44b7-a08f-de2846bd77ea'),)
2026-03-25 01:02:21,540 INFO sqlalchemy.engine.Engine SELECT logistics_vehicles.id, logistics_vehicles.code, logistics_vehicles.vehicle_type, logistics_vehicles.warehouse_id, logistics_vehicles.assigned_driver_id, logistics_vehicles.model, logistics_vehicles.year, logistics_vehicles.license_plate, logistics_vehicles.status, logistics_vehicles.fuel_efficiency, logistics_vehicles.mileage, logistics_vehicles.next_service_date, logistics_vehicles.maintenance_issue, logistics_vehicles.created_at, logistics_vehicles.updated_at 
FROM logistics_vehicles 
WHERE logistics_vehicles.warehouse_id = $1::UUID AND (logistics_vehicles.assigned_driver_id = $2::UUID OR logistics_vehicles.warehouse_id = $3::UUID AND (logistics_vehicles.assigned_driver_id IS NULL OR logistics_vehicles.assigned_driver_id = $4::UUID)) ORDER BY logistics_vehicles.created_at DESC
2026-03-25 01:02:21,541 INFO sqlalchemy.engine.Engine [cached since 206.5s ago] (UUID('b7345343-13ae-46fe-b467-005bf9cfbb89'), UUID('8ce4bdac-8306-4b07-b065-a2a232c94f47'), UUID('b7345343-13ae-46fe-b467-005bf9cfbb89'), UUID('8ce4bdac-8306-4b07-b065-a2a232c94f47'))
2026-03-25 01:02:21,543 INFO sqlalchemy.engine.Engine SELECT orders.id, orders.tracking_code, orders.order_type, orders.status, orders.warehouse_substatus, orders.customer_id, orders.warehouse_id, orders.assigned_driver_id, orders.assigned_vehicle_id, orders.pickup_addr, orders.delivery_addr, orders.delivery_lat, orders.delivery_lng, orders.cargo_type, orders.vehicle_type, orders.labor_count, orders.base_amount, orders.vehicle_amount, orders.labor_amount, orders.materials_amount, orders.packing_amount, orders.platform_fee, orders.tax_amount, orders.total_amount, orders.payment_mode, orders.payment_status, orders.paid_amount, orders.declared_value, orders.service_otp, orders.service_time_block, orders.scheduled_at, orders.cancel_reason, orders.picking_started_at, orders.picking_completed_at, orders.packing_started_at, orders.packing_completed_at, orders.created_at, orders.updated_at 
FROM orders 
WHERE orders.status IN ($1::VARCHAR, $2::VARCHAR) AND orders.assigned_vehicle_id IS NOT NULL AND orders.assigned_driver_id IS NOT NULL
2026-03-25 01:02:21,544 INFO sqlalchemy.engine.Engine [cached since 206.5s ago] ('ASSIGNED', 'IN_TRANSIT')
2026-03-25 01:02:21,545 INFO sqlalchemy.engine.Engine SELECT users.id, users.name, users.username, users.email, users.phone, users.alt_phone, users.date_of_birth, users.address, users.preferred_language, users.preferred_currency, users.default_payment_method, users.notifications_push, users.notifications_sms, users.notifications_email, users.notifications_geofence, users.notifications_promo, users.privacy_location, users.privacy_analytics, users.privacy_marketing, users.password_hash, users.role_id, users.warehouse_id, users.is_active, users.last_login, users.created_at, users.updated_at 
FROM users 
WHERE users.id IN ($1::UUID)
2026-03-25 01:02:21,547 INFO sqlalchemy.engine.Engine [cached since 206.5s ago] (UUID('8ce4bdac-8306-4b07-b065-a2a232c94f47'),)
INFO:     127.0.0.1:59458 - "GET /api/v1/logistics/drivers/me/dashboard HTTP/1.1" 200 OK
2026-03-25 01:02:21,552 INFO sqlalchemy.engine.Engine COMMIT
INFO:     127.0.0.1:59458 - "OPTIONS /api/v1/logistics/drivers/me/shift/start HTTP/1.1" 200 OK
2026-03-25 01:02:22,954 INFO sqlalchemy.engine.Engine BEGIN (implicit)
2026-03-25 01:02:22,955 INFO sqlalchemy.engine.Engine SELECT users.id, users.name, users.username, users.email, users.phone, users.alt_phone, users.date_of_birth, users.address, users.preferred_language, users.preferred_currency, users.default_payment_method, users.notifications_push, users.notifications_sms, users.notifications_email, users.notifications_geofence, users.notifications_promo, users.privacy_location, users.privacy_analytics, users.privacy_marketing, users.password_hash, users.role_id, users.warehouse_id, users.is_active, users.last_login, users.created_at, users.updated_at 
FROM users 
WHERE users.id = $1::UUID
2026-03-25 01:02:22,955 INFO sqlalchemy.engine.Engine [cached since 208.1s ago] (UUID('8ce4bdac-8306-4b07-b065-a2a232c94f47'),)
2026-03-25 01:02:22,958 INFO sqlalchemy.engine.Engine SELECT users.id 
FROM users 
WHERE users.id = $1::UUID
2026-03-25 01:02:22,959 INFO sqlalchemy.engine.Engine [cached since 828.9s ago] (UUID('8ce4bdac-8306-4b07-b065-a2a232c94f47'),)
2026-03-25 01:02:22,961 INFO sqlalchemy.engine.Engine SELECT roles.id AS roles_id, roles.name AS roles_name 
FROM roles 
WHERE roles.id = $1::INTEGER
2026-03-25 01:02:22,961 INFO sqlalchemy.engine.Engine [cached since 804s ago] (4,)
2026-03-25 01:02:22,964 INFO sqlalchemy.engine.Engine SELECT logistics_driver_profiles.id, logistics_driver_profiles.user_id, logistics_driver_profiles.warehouse_id, logistics_driver_profiles.status, logistics_driver_profiles.current_location, logistics_driver_profiles.current_job, logistics_driver_profiles.efficiency_score, logistics_driver_profiles.avatar_color, logistics_driver_profiles.chat_history, logistics_driver_profiles.created_at, logistics_driver_profiles.updated_at 
FROM logistics_driver_profiles 
WHERE logistics_driver_profiles.user_id = $1::UUID
2026-03-25 01:02:22,965 INFO sqlalchemy.engine.Engine [cached since 208s ago] (UUID('8ce4bdac-8306-4b07-b065-a2a232c94f47'),)
2026-03-25 01:02:22,968 INFO sqlalchemy.engine.Engine SELECT orders.id, orders.tracking_code, orders.order_type, orders.status, orders.warehouse_substatus, orders.customer_id, orders.warehouse_id, orders.assigned_driver_id, orders.assigned_vehicle_id, orders.pickup_addr, orders.delivery_addr, orders.delivery_lat, orders.delivery_lng, orders.cargo_type, orders.vehicle_type, orders.labor_count, orders.base_amount, orders.vehicle_amount, orders.labor_amount, orders.materials_amount, orders.packing_amount, orders.platform_fee, orders.tax_amount, orders.total_amount, orders.payment_mode, orders.payment_status, orders.paid_amount, orders.declared_value, orders.service_otp, orders.service_time_block, orders.scheduled_at, orders.cancel_reason, orders.picking_started_at, orders.picking_completed_at, orders.packing_started_at, orders.packing_completed_at, orders.created_at, orders.updated_at 
FROM orders 
WHERE orders.assigned_driver_id = $1::UUID AND (orders.status NOT IN ($2::VARCHAR, $3::VARCHAR)) ORDER BY orders.scheduled_at ASC NULLS LAST, orders.created_at ASC
2026-03-25 01:02:22,969 INFO sqlalchemy.engine.Engine [cached since 208s ago] (UUID('8ce4bdac-8306-4b07-b065-a2a232c94f47'), 'DRAFT', 'CANCELLED')
2026-03-25 01:02:22,971 INFO sqlalchemy.engine.Engine SELECT order_items.order_id AS order_items_order_id, order_items.id AS order_items_id, order_items.sku AS order_items_sku, order_items.quantity AS order_items_quantity, order_items.box_count AS order_items_box_count, order_items.estimated_volume AS order_items_estimated_volume, order_items.created_at AS order_items_created_at 
FROM order_items 
WHERE order_items.order_id IN ($1::UUID)
2026-03-25 01:02:22,973 INFO sqlalchemy.engine.Engine [cached since 208s ago] (UUID('acc982ee-61cc-4f55-b505-fe9c17374a25'),)
2026-03-25 01:02:22,975 INFO sqlalchemy.engine.Engine UPDATE users SET last_login=$1::TIMESTAMP WITH TIME ZONE, updated_at=$2::TIMESTAMP WITH TIME ZONE WHERE users.id = $3::UUID
2026-03-25 01:02:22,976 INFO sqlalchemy.engine.Engine [cached since 804s ago] (datetime.datetime(2026, 3, 24, 19, 32, 22, 967866, tzinfo=datetime.timezone.utc), datetime.datetime(2026, 3, 24, 19, 32, 22, 975930, tzinfo=datetime.timezone.utc), UUID('8ce4bdac-8306-4b07-b065-a2a232c94f47'))
INFO:     127.0.0.1:59458 - "POST /api/v1/logistics/drivers/me/shift/start HTTP/1.1" 200 OK
2026-03-25 01:02:22,981 INFO sqlalchemy.engine.Engine COMMIT
2026-03-25 01:02:23,035 INFO sqlalchemy.engine.Engine BEGIN (implicit)
2026-03-25 01:02:23,035 INFO sqlalchemy.engine.Engine SELECT users.id, users.name, users.username, users.email, users.phone, users.alt_phone, users.date_of_birth, users.address, users.preferred_language, users.preferred_currency, users.default_payment_method, users.notifications_push, users.notifications_sms, users.notifications_email, users.notifications_geofence, users.notifications_promo, users.privacy_location, users.privacy_analytics, users.privacy_marketing, users.password_hash, users.role_id, users.warehouse_id, users.is_active, users.last_login, users.created_at, users.updated_at 
FROM users 
WHERE users.id = $1::UUID
2026-03-25 01:02:23,037 INFO sqlalchemy.engine.Engine [cached since 208.2s ago] (UUID('8ce4bdac-8306-4b07-b065-a2a232c94f47'),)
2026-03-25 01:02:23,039 INFO sqlalchemy.engine.Engine SELECT users.id 
FROM users 
WHERE users.id = $1::UUID
2026-03-25 01:02:23,039 INFO sqlalchemy.engine.Engine [cached since 828.9s ago] (UUID('8ce4bdac-8306-4b07-b065-a2a232c94f47'),)
2026-03-25 01:02:23,042 INFO sqlalchemy.engine.Engine SELECT roles.id AS roles_id, roles.name AS roles_name 
FROM roles 
WHERE roles.id = $1::INTEGER
2026-03-25 01:02:23,043 INFO sqlalchemy.engine.Engine [cached since 804.1s ago] (4,)
2026-03-25 01:02:23,046 INFO sqlalchemy.engine.Engine SELECT logistics_driver_profiles.id, logistics_driver_profiles.user_id, logistics_driver_profiles.warehouse_id, logistics_driver_profiles.status, logistics_driver_profiles.current_location, logistics_driver_profiles.current_job, logistics_driver_profiles.efficiency_score, logistics_driver_profiles.avatar_color, logistics_driver_profiles.chat_history, logistics_driver_profiles.created_at, logistics_driver_profiles.updated_at 
FROM logistics_driver_profiles 
WHERE logistics_driver_profiles.user_id = $1::UUID
2026-03-25 01:02:23,047 INFO sqlalchemy.engine.Engine [cached since 208.1s ago] (UUID('8ce4bdac-8306-4b07-b065-a2a232c94f47'),)
2026-03-25 01:02:23,049 INFO sqlalchemy.engine.Engine SELECT warehouses.id, warehouses.name, warehouses.address, warehouses.lat, warehouses.lng, warehouses.manager_id, warehouses.floor_plan_json, warehouses.capacity_limit, warehouses.is_active, warehouses.created_at, warehouses.updated_at 
FROM warehouses 
WHERE warehouses.id = $1::UUID
2026-03-25 01:02:23,050 INFO sqlalchemy.engine.Engine [cached since 208.1s ago] (UUID('b7345343-13ae-46fe-b467-005bf9cfbb89'),)
2026-03-25 01:02:23,052 INFO sqlalchemy.engine.Engine SELECT orders.id, orders.tracking_code, orders.order_type, orders.status, orders.warehouse_substatus, orders.customer_id, orders.warehouse_id, orders.assigned_driver_id, orders.assigned_vehicle_id, orders.pickup_addr, orders.delivery_addr, orders.delivery_lat, orders.delivery_lng, orders.cargo_type, orders.vehicle_type, orders.labor_count, orders.base_amount, orders.vehicle_amount, orders.labor_amount, orders.materials_amount, orders.packing_amount, orders.platform_fee, orders.tax_amount, orders.total_amount, orders.payment_mode, orders.payment_status, orders.paid_amount, orders.declared_value, orders.service_otp, orders.service_time_block, orders.scheduled_at, orders.cancel_reason, orders.picking_started_at, orders.picking_completed_at, orders.packing_started_at, orders.packing_completed_at, orders.created_at, orders.updated_at 
FROM orders 
WHERE orders.assigned_driver_id = $1::UUID AND (orders.status NOT IN ($2::VARCHAR, $3::VARCHAR)) ORDER BY orders.scheduled_at ASC NULLS LAST, orders.created_at ASC
2026-03-25 01:02:23,052 INFO sqlalchemy.engine.Engine [cached since 208.1s ago] (UUID('8ce4bdac-8306-4b07-b065-a2a232c94f47'), 'DRAFT', 'CANCELLED')
2026-03-25 01:02:23,055 INFO sqlalchemy.engine.Engine SELECT order_items.order_id AS order_items_order_id, order_items.id AS order_items_id, order_items.sku AS order_items_sku, order_items.quantity AS order_items_quantity, order_items.box_count AS order_items_box_count, order_items.estimated_volume AS order_items_estimated_volume, order_items.created_at AS order_items_created_at 
FROM order_items 
WHERE order_items.order_id IN ($1::UUID)
2026-03-25 01:02:23,056 INFO sqlalchemy.engine.Engine [cached since 208s ago] (UUID('acc982ee-61cc-4f55-b505-fe9c17374a25'),)
2026-03-25 01:02:23,059 INFO sqlalchemy.engine.Engine SELECT logistics_vehicles.id, logistics_vehicles.code, logistics_vehicles.vehicle_type, logistics_vehicles.warehouse_id, logistics_vehicles.assigned_driver_id, logistics_vehicles.model, logistics_vehicles.year, logistics_vehicles.license_plate, logistics_vehicles.status, logistics_vehicles.fuel_efficiency, logistics_vehicles.mileage, logistics_vehicles.next_service_date, logistics_vehicles.maintenance_issue, logistics_vehicles.created_at, logistics_vehicles.updated_at 
FROM logistics_vehicles 
WHERE logistics_vehicles.id IN ($1::UUID)
2026-03-25 01:02:23,060 INFO sqlalchemy.engine.Engine [cached since 208s ago] (UUID('c6568bb2-39b7-44b7-a08f-de2846bd77ea'),)
2026-03-25 01:02:23,063 INFO sqlalchemy.engine.Engine SELECT logistics_vehicles.id, logistics_vehicles.code, logistics_vehicles.vehicle_type, logistics_vehicles.warehouse_id, logistics_vehicles.assigned_driver_id, logistics_vehicles.model, logistics_vehicles.year, logistics_vehicles.license_plate, logistics_vehicles.status, logistics_vehicles.fuel_efficiency, logistics_vehicles.mileage, logistics_vehicles.next_service_date, logistics_vehicles.maintenance_issue, logistics_vehicles.created_at, logistics_vehicles.updated_at 
FROM logistics_vehicles 
WHERE logistics_vehicles.warehouse_id = $1::UUID AND (logistics_vehicles.assigned_driver_id = $2::UUID OR logistics_vehicles.warehouse_id = $3::UUID AND (logistics_vehicles.assigned_driver_id IS NULL OR logistics_vehicles.assigned_driver_id = $4::UUID)) ORDER BY logistics_vehicles.created_at DESC
2026-03-25 01:02:23,064 INFO sqlalchemy.engine.Engine [cached since 208s ago] (UUID('b7345343-13ae-46fe-b467-005bf9cfbb89'), UUID('8ce4bdac-8306-4b07-b065-a2a232c94f47'), UUID('b7345343-13ae-46fe-b467-005bf9cfbb89'), UUID('8ce4bdac-8306-4b07-b065-a2a232c94f47'))
2026-03-25 01:02:23,066 INFO sqlalchemy.engine.Engine SELECT orders.id, orders.tracking_code, orders.order_type, orders.status, orders.warehouse_substatus, orders.customer_id, orders.warehouse_id, orders.assigned_driver_id, orders.assigned_vehicle_id, orders.pickup_addr, orders.delivery_addr, orders.delivery_lat, orders.delivery_lng, orders.cargo_type, orders.vehicle_type, orders.labor_count, orders.base_amount, orders.vehicle_amount, orders.labor_amount, orders.materials_amount, orders.packing_amount, orders.platform_fee, orders.tax_amount, orders.total_amount, orders.payment_mode, orders.payment_status, orders.paid_amount, orders.declared_value, orders.service_otp, orders.service_time_block, orders.scheduled_at, orders.cancel_reason, orders.picking_started_at, orders.picking_completed_at, orders.packing_started_at, orders.packing_completed_at, orders.created_at, orders.updated_at 
FROM orders 
WHERE orders.status IN ($1::VARCHAR, $2::VARCHAR) AND orders.assigned_vehicle_id IS NOT NULL AND orders.assigned_driver_id IS NOT NULL
2026-03-25 01:02:23,067 INFO sqlalchemy.engine.Engine [cached since 208s ago] ('ASSIGNED', 'IN_TRANSIT')
2026-03-25 01:02:23,070 INFO sqlalchemy.engine.Engine SELECT users.id, users.name, users.username, users.email, users.phone, users.alt_phone, users.date_of_birth, users.address, users.preferred_language, users.preferred_currency, users.default_payment_method, users.notifications_push, users.notifications_sms, users.notifications_email, users.notifications_geofence, users.notifications_promo, users.privacy_location, users.privacy_analytics, users.privacy_marketing, users.password_hash, users.role_id, users.warehouse_id, users.is_active, users.last_login, users.created_at, users.updated_at 
FROM users 
WHERE users.id IN ($1::UUID)
2026-03-25 01:02:23,071 INFO sqlalchemy.engine.Engine [cached since 208s ago] (UUID('8ce4bdac-8306-4b07-b065-a2a232c94f47'),)
INFO:     127.0.0.1:59458 - "GET /api/v1/logistics/drivers/me/dashboard HTTP/1.1" 200 OK
2026-03-25 01:02:23,076 INFO sqlalchemy.engine.Engine COMMIT
2026-03-25 01:02:23,396 INFO sqlalchemy.engine.Engine BEGIN (implicit)
2026-03-25 01:02:23,397 INFO sqlalchemy.engine.Engine SELECT users.id, users.name, users.username, users.email, users.phone, users.alt_phone, users.date_of_birth, users.address, users.preferred_language, users.preferred_currency, users.default_payment_method, users.notifications_push, users.notifications_sms, users.notifications_email, users.notifications_geofence, users.notifications_promo, users.privacy_location, users.privacy_analytics, users.privacy_marketing, users.password_hash, users.role_id, users.warehouse_id, users.is_active, users.last_login, users.created_at, users.updated_at 
FROM users 
WHERE users.id = $1::UUID
2026-03-25 01:02:23,399 INFO sqlalchemy.engine.Engine [cached since 208.5s ago] (UUID('8ce4bdac-8306-4b07-b065-a2a232c94f47'),)
2026-03-25 01:02:23,404 INFO sqlalchemy.engine.Engine SELECT users.id 
FROM users 
WHERE users.id = $1::UUID
2026-03-25 01:02:23,405 INFO sqlalchemy.engine.Engine [cached since 829.3s ago] (UUID('8ce4bdac-8306-4b07-b065-a2a232c94f47'),)
2026-03-25 01:02:23,408 INFO sqlalchemy.engine.Engine SELECT roles.id AS roles_id, roles.name AS roles_name 
FROM roles 
WHERE roles.id = $1::INTEGER
2026-03-25 01:02:23,409 INFO sqlalchemy.engine.Engine [cached since 804.4s ago] (4,)
2026-03-25 01:02:23,413 INFO sqlalchemy.engine.Engine SELECT logistics_driver_profiles.id, logistics_driver_profiles.user_id, logistics_driver_profiles.warehouse_id, logistics_driver_profiles.status, logistics_driver_profiles.current_location, logistics_driver_profiles.current_job, logistics_driver_profiles.efficiency_score, logistics_driver_profiles.avatar_color, logistics_driver_profiles.chat_history, logistics_driver_profiles.created_at, logistics_driver_profiles.updated_at 
FROM logistics_driver_profiles 
WHERE logistics_driver_profiles.user_id = $1::UUID
2026-03-25 01:02:23,414 INFO sqlalchemy.engine.Engine [cached since 208.5s ago] (UUID('8ce4bdac-8306-4b07-b065-a2a232c94f47'),)
2026-03-25 01:02:23,417 INFO sqlalchemy.engine.Engine SELECT warehouses.id, warehouses.name, warehouses.address, warehouses.lat, warehouses.lng, warehouses.manager_id, warehouses.floor_plan_json, warehouses.capacity_limit, warehouses.is_active, warehouses.created_at, warehouses.updated_at 
FROM warehouses 
WHERE warehouses.id = $1::UUID
2026-03-25 01:02:23,418 INFO sqlalchemy.engine.Engine [cached since 208.5s ago] (UUID('b7345343-13ae-46fe-b467-005bf9cfbb89'),)
2026-03-25 01:02:23,422 INFO sqlalchemy.engine.Engine SELECT orders.id, orders.tracking_code, orders.order_type, orders.status, orders.warehouse_substatus, orders.customer_id, orders.warehouse_id, orders.assigned_driver_id, orders.assigned_vehicle_id, orders.pickup_addr, orders.delivery_addr, orders.delivery_lat, orders.delivery_lng, orders.cargo_type, orders.vehicle_type, orders.labor_count, orders.base_amount, orders.vehicle_amount, orders.labor_amount, orders.materials_amount, orders.packing_amount, orders.platform_fee, orders.tax_amount, orders.total_amount, orders.payment_mode, orders.payment_status, orders.paid_amount, orders.declared_value, orders.service_otp, orders.service_time_block, orders.scheduled_at, orders.cancel_reason, orders.picking_started_at, orders.picking_completed_at, orders.packing_started_at, orders.packing_completed_at, orders.created_at, orders.updated_at 
FROM orders 
WHERE orders.assigned_driver_id = $1::UUID AND (orders.status NOT IN ($2::VARCHAR, $3::VARCHAR)) ORDER BY orders.scheduled_at ASC NULLS LAST, orders.created_at ASC
2026-03-25 01:02:23,423 INFO sqlalchemy.engine.Engine [cached since 208.4s ago] (UUID('8ce4bdac-8306-4b07-b065-a2a232c94f47'), 'DRAFT', 'CANCELLED')
2026-03-25 01:02:23,426 INFO sqlalchemy.engine.Engine SELECT order_items.order_id AS order_items_order_id, order_items.id AS order_items_id, order_items.sku AS order_items_sku, order_items.quantity AS order_items_quantity, order_items.box_count AS order_items_box_count, order_items.estimated_volume AS order_items_estimated_volume, order_items.created_at AS order_items_created_at 
FROM order_items 
WHERE order_items.order_id IN ($1::UUID)
2026-03-25 01:02:23,427 INFO sqlalchemy.engine.Engine [cached since 208.4s ago] (UUID('acc982ee-61cc-4f55-b505-fe9c17374a25'),)
2026-03-25 01:02:23,433 INFO sqlalchemy.engine.Engine SELECT logistics_vehicles.id, logistics_vehicles.code, logistics_vehicles.vehicle_type, logistics_vehicles.warehouse_id, logistics_vehicles.assigned_driver_id, logistics_vehicles.model, logistics_vehicles.year, logistics_vehicles.license_plate, logistics_vehicles.status, logistics_vehicles.fuel_efficiency, logistics_vehicles.mileage, logistics_vehicles.next_service_date, logistics_vehicles.maintenance_issue, logistics_vehicles.created_at, logistics_vehicles.updated_at 
FROM logistics_vehicles 
WHERE logistics_vehicles.id IN ($1::UUID)
2026-03-25 01:02:23,434 INFO sqlalchemy.engine.Engine [cached since 208.4s ago] (UUID('c6568bb2-39b7-44b7-a08f-de2846bd77ea'),)
2026-03-25 01:02:23,437 INFO sqlalchemy.engine.Engine SELECT logistics_vehicles.id, logistics_vehicles.code, logistics_vehicles.vehicle_type, logistics_vehicles.warehouse_id, logistics_vehicles.assigned_driver_id, logistics_vehicles.model, logistics_vehicles.year, logistics_vehicles.license_plate, logistics_vehicles.status, logistics_vehicles.fuel_efficiency, logistics_vehicles.mileage, logistics_vehicles.next_service_date, logistics_vehicles.maintenance_issue, logistics_vehicles.created_at, logistics_vehicles.updated_at 
FROM logistics_vehicles 
WHERE logistics_vehicles.warehouse_id = $1::UUID AND (logistics_vehicles.assigned_driver_id = $2::UUID OR logistics_vehicles.warehouse_id = $3::UUID AND (logistics_vehicles.assigned_driver_id IS NULL OR logistics_vehicles.assigned_driver_id = $4::UUID)) ORDER BY logistics_vehicles.created_at DESC
2026-03-25 01:02:23,438 INFO sqlalchemy.engine.Engine [cached since 208.4s ago] (UUID('b7345343-13ae-46fe-b467-005bf9cfbb89'), UUID('8ce4bdac-8306-4b07-b065-a2a232c94f47'), UUID('b7345343-13ae-46fe-b467-005bf9cfbb89'), UUID('8ce4bdac-8306-4b07-b065-a2a232c94f47'))
2026-03-25 01:02:23,442 INFO sqlalchemy.engine.Engine SELECT orders.id, orders.tracking_code, orders.order_type, orders.status, orders.warehouse_substatus, orders.customer_id, orders.warehouse_id, orders.assigned_driver_id, orders.assigned_vehicle_id, orders.pickup_addr, orders.delivery_addr, orders.delivery_lat, orders.delivery_lng, orders.cargo_type, orders.vehicle_type, orders.labor_count, orders.base_amount, orders.vehicle_amount, orders.labor_amount, orders.materials_amount, orders.packing_amount, orders.platform_fee, orders.tax_amount, orders.total_amount, orders.payment_mode, orders.payment_status, orders.paid_amount, orders.declared_value, orders.service_otp, orders.service_time_block, orders.scheduled_at, orders.cancel_reason, orders.picking_started_at, orders.picking_completed_at, orders.packing_started_at, orders.packing_completed_at, orders.created_at, orders.updated_at 
FROM orders 
WHERE orders.status IN ($1::VARCHAR, $2::VARCHAR) AND orders.assigned_vehicle_id IS NOT NULL AND orders.assigned_driver_id IS NOT NULL
2026-03-25 01:02:23,443 INFO sqlalchemy.engine.Engine [cached since 208.4s ago] ('ASSIGNED', 'IN_TRANSIT')
2026-03-25 01:02:23,447 INFO sqlalchemy.engine.Engine SELECT users.id, users.name, users.username, users.email, users.phone, users.alt_phone, users.date_of_birth, users.address, users.preferred_language, users.preferred_currency, users.default_payment_method, users.notifications_push, users.notifications_sms, users.notifications_email, users.notifications_geofence, users.notifications_promo, users.privacy_location, users.privacy_analytics, users.privacy_marketing, users.password_hash, users.role_id, users.warehouse_id, users.is_active, users.last_login, users.created_at, users.updated_at 
FROM users 
WHERE users.id IN ($1::UUID)
2026-03-25 01:02:23,448 INFO sqlalchemy.engine.Engine [cached since 208.4s ago] (UUID('8ce4bdac-8306-4b07-b065-a2a232c94f47'),)
INFO:     127.0.0.1:59458 - "GET /api/v1/logistics/drivers/me/dashboard HTTP/1.1" 200 OK
2026-03-25 01:02:23,455 INFO sqlalchemy.engine.Engine COMMIT
INFO:     127.0.0.1:59458 - "OPTIONS /api/v1/logistics/vehicles HTTP/1.1" 200 OK
2026-03-25 01:02:23,482 INFO sqlalchemy.engine.Engine BEGIN (implicit)
2026-03-25 01:02:23,484 INFO sqlalchemy.engine.Engine SELECT users.id, users.name, users.username, users.email, users.phone, users.alt_phone, users.date_of_birth, users.address, users.preferred_language, users.preferred_currency, users.default_payment_method, users.notifications_push, users.notifications_sms, users.notifications_email, users.notifications_geofence, users.notifications_promo, users.privacy_location, users.privacy_analytics, users.privacy_marketing, users.password_hash, users.role_id, users.warehouse_id, users.is_active, users.last_login, users.created_at, users.updated_at 
FROM users 
WHERE users.id = $1::UUID
2026-03-25 01:02:23,485 INFO sqlalchemy.engine.Engine [cached since 208.6s ago] (UUID('8ce4bdac-8306-4b07-b065-a2a232c94f47'),)
2026-03-25 01:02:23,489 INFO sqlalchemy.engine.Engine SELECT users.id 
FROM users 
WHERE users.id = $1::UUID
2026-03-25 01:02:23,490 INFO sqlalchemy.engine.Engine [cached since 829.4s ago] (UUID('8ce4bdac-8306-4b07-b065-a2a232c94f47'),)
2026-03-25 01:02:23,493 INFO sqlalchemy.engine.Engine SELECT roles.id AS roles_id, roles.name AS roles_name 
FROM roles 
WHERE roles.id = $1::INTEGER
2026-03-25 01:02:23,493 INFO sqlalchemy.engine.Engine [cached since 804.5s ago] (4,)
2026-03-25 01:02:23,497 INFO sqlalchemy.engine.Engine SELECT logistics_vehicles.id, logistics_vehicles.code, logistics_vehicles.vehicle_type, logistics_vehicles.warehouse_id, logistics_vehicles.assigned_driver_id, logistics_vehicles.model, logistics_vehicles.year, logistics_vehicles.license_plate, logistics_vehicles.status, logistics_vehicles.fuel_efficiency, logistics_vehicles.mileage, logistics_vehicles.next_service_date, logistics_vehicles.maintenance_issue, logistics_vehicles.created_at, logistics_vehicles.updated_at 
FROM logistics_vehicles 
WHERE logistics_vehicles.warehouse_id = $1::UUID AND (logistics_vehicles.assigned_driver_id = $2::UUID OR logistics_vehicles.warehouse_id = $3::UUID AND (logistics_vehicles.assigned_driver_id IS NULL OR logistics_vehicles.assigned_driver_id = $4::UUID)) ORDER BY logistics_vehicles.created_at DESC
2026-03-25 01:02:23,499 INFO sqlalchemy.engine.Engine [cached since 208.5s ago] (UUID('b7345343-13ae-46fe-b467-005bf9cfbb89'), UUID('8ce4bdac-8306-4b07-b065-a2a232c94f47'), UUID('b7345343-13ae-46fe-b467-005bf9cfbb89'), UUID('8ce4bdac-8306-4b07-b065-a2a232c94f47'))
2026-03-25 01:02:23,502 INFO sqlalchemy.engine.Engine SELECT orders.id, orders.tracking_code, orders.order_type, orders.status, orders.warehouse_substatus, orders.customer_id, orders.warehouse_id, orders.assigned_driver_id, orders.assigned_vehicle_id, orders.pickup_addr, orders.delivery_addr, orders.delivery_lat, orders.delivery_lng, orders.cargo_type, orders.vehicle_type, orders.labor_count, orders.base_amount, orders.vehicle_amount, orders.labor_amount, orders.materials_amount, orders.packing_amount, orders.platform_fee, orders.tax_amount, orders.total_amount, orders.payment_mode, orders.payment_status, orders.paid_amount, orders.declared_value, orders.service_otp, orders.service_time_block, orders.scheduled_at, orders.cancel_reason, orders.picking_started_at, orders.picking_completed_at, orders.packing_started_at, orders.packing_completed_at, orders.created_at, orders.updated_at 
FROM orders 
WHERE orders.status IN ($1::VARCHAR, $2::VARCHAR) AND orders.assigned_vehicle_id IS NOT NULL AND orders.assigned_driver_id IS NOT NULL
2026-03-25 01:02:23,503 INFO sqlalchemy.engine.Engine [cached since 208.5s ago] ('ASSIGNED', 'IN_TRANSIT')
2026-03-25 01:02:23,506 INFO sqlalchemy.engine.Engine SELECT users.id, users.name, users.username, users.email, users.phone, users.alt_phone, users.date_of_birth, users.address, users.preferred_language, users.preferred_currency, users.default_payment_method, users.notifications_push, users.notifications_sms, users.notifications_email, users.notifications_geofence, users.notifications_promo, users.privacy_location, users.privacy_analytics, users.privacy_marketing, users.password_hash, users.role_id, users.warehouse_id, users.is_active, users.last_login, users.created_at, users.updated_at 
FROM users 
WHERE users.id IN ($1::UUID)
2026-03-25 01:02:23,507 INFO sqlalchemy.engine.Engine [cached since 208.5s ago] (UUID('8ce4bdac-8306-4b07-b065-a2a232c94f47'),)
INFO:     127.0.0.1:59459 - "GET /api/v1/logistics/vehicles HTTP/1.1" 200 OK
2026-03-25 01:02:23,514 INFO sqlalchemy.engine.Engine COMMIT
INFO:     127.0.0.1:59462 - "OPTIONS /api/v1/logistics/drivers/me/bind-vehicle HTTP/1.1" 200 OK
2026-03-25 01:02:30,976 INFO sqlalchemy.engine.Engine BEGIN (implicit)
2026-03-25 01:02:30,977 INFO sqlalchemy.engine.Engine SELECT users.id, users.name, users.username, users.email, users.phone, users.alt_phone, users.date_of_birth, users.address, users.preferred_language, users.preferred_currency, users.default_payment_method, users.notifications_push, users.notifications_sms, users.notifications_email, users.notifications_geofence, users.notifications_promo, users.privacy_location, users.privacy_analytics, users.privacy_marketing, users.password_hash, users.role_id, users.warehouse_id, users.is_active, users.last_login, users.created_at, users.updated_at 
FROM users 
WHERE users.id = $1::UUID
2026-03-25 01:02:30,978 INFO sqlalchemy.engine.Engine [cached since 216.1s ago] (UUID('8ce4bdac-8306-4b07-b065-a2a232c94f47'),)
2026-03-25 01:02:30,981 INFO sqlalchemy.engine.Engine SELECT users.id 
FROM users 
WHERE users.id = $1::UUID
2026-03-25 01:02:30,982 INFO sqlalchemy.engine.Engine [cached since 836.9s ago] (UUID('8ce4bdac-8306-4b07-b065-a2a232c94f47'),)
2026-03-25 01:02:30,984 INFO sqlalchemy.engine.Engine SELECT roles.id AS roles_id, roles.name AS roles_name 
FROM roles 
WHERE roles.id = $1::INTEGER
2026-03-25 01:02:30,985 INFO sqlalchemy.engine.Engine [cached since 812s ago] (4,)
2026-03-25 01:02:30,987 INFO sqlalchemy.engine.Engine SELECT logistics_vehicles.id, logistics_vehicles.code, logistics_vehicles.vehicle_type, logistics_vehicles.warehouse_id, logistics_vehicles.assigned_driver_id, logistics_vehicles.model, logistics_vehicles.year, logistics_vehicles.license_plate, logistics_vehicles.status, logistics_vehicles.fuel_efficiency, logistics_vehicles.mileage, logistics_vehicles.next_service_date, logistics_vehicles.maintenance_issue, logistics_vehicles.created_at, logistics_vehicles.updated_at 
FROM logistics_vehicles 
WHERE logistics_vehicles.id = $1::UUID
2026-03-25 01:02:30,988 INFO sqlalchemy.engine.Engine [cached since 176.1s ago] (UUID('c6568bb2-39b7-44b7-a08f-de2846bd77ea'),)
2026-03-25 01:02:30,991 INFO sqlalchemy.engine.Engine SELECT logistics_driver_profiles.id, logistics_driver_profiles.user_id, logistics_driver_profiles.warehouse_id, logistics_driver_profiles.status, logistics_driver_profiles.current_location, logistics_driver_profiles.current_job, logistics_driver_profiles.efficiency_score, logistics_driver_profiles.avatar_color, logistics_driver_profiles.chat_history, logistics_driver_profiles.created_at, logistics_driver_profiles.updated_at 
FROM logistics_driver_profiles 
WHERE logistics_driver_profiles.user_id = $1::UUID
2026-03-25 01:02:30,992 INFO sqlalchemy.engine.Engine [cached since 216.1s ago] (UUID('8ce4bdac-8306-4b07-b065-a2a232c94f47'),)
2026-03-25 01:02:30,994 INFO sqlalchemy.engine.Engine SELECT orders.id, orders.tracking_code, orders.order_type, orders.status, orders.warehouse_substatus, orders.customer_id, orders.warehouse_id, orders.assigned_driver_id, orders.assigned_vehicle_id, orders.pickup_addr, orders.delivery_addr, orders.delivery_lat, orders.delivery_lng, orders.cargo_type, orders.vehicle_type, orders.labor_count, orders.base_amount, orders.vehicle_amount, orders.labor_amount, orders.materials_amount, orders.packing_amount, orders.platform_fee, orders.tax_amount, orders.total_amount, orders.payment_mode, orders.payment_status, orders.paid_amount, orders.declared_value, orders.service_otp, orders.service_time_block, orders.scheduled_at, orders.cancel_reason, orders.picking_started_at, orders.picking_completed_at, orders.packing_started_at, orders.packing_completed_at, orders.created_at, orders.updated_at 
FROM orders 
WHERE orders.assigned_driver_id = $1::UUID AND (orders.status NOT IN ($2::VARCHAR, $3::VARCHAR, $4::VARCHAR, $5::VARCHAR))
2026-03-25 01:02:30,996 INFO sqlalchemy.engine.Engine [cached since 176.1s ago] (UUID('8ce4bdac-8306-4b07-b065-a2a232c94f47'), 'DELIVERED', 'COMPLETED', 'CANCELLED', 'CLOSED')
INFO:     127.0.0.1:59462 - "POST /api/v1/logistics/drivers/me/bind-vehicle HTTP/1.1" 200 OK
2026-03-25 01:02:31,003 INFO sqlalchemy.engine.Engine COMMIT
2026-03-25 01:02:31,057 INFO sqlalchemy.engine.Engine BEGIN (implicit)
2026-03-25 01:02:31,058 INFO sqlalchemy.engine.Engine SELECT users.id, users.name, users.username, users.email, users.phone, users.alt_phone, users.date_of_birth, users.address, users.preferred_language, users.preferred_currency, users.default_payment_method, users.notifications_push, users.notifications_sms, users.notifications_email, users.notifications_geofence, users.notifications_promo, users.privacy_location, users.privacy_analytics, users.privacy_marketing, users.password_hash, users.role_id, users.warehouse_id, users.is_active, users.last_login, users.created_at, users.updated_at 
FROM users 
WHERE users.id = $1::UUID
2026-03-25 01:02:31,059 INFO sqlalchemy.engine.Engine [cached since 216.2s ago] (UUID('8ce4bdac-8306-4b07-b065-a2a232c94f47'),)
2026-03-25 01:02:31,063 INFO sqlalchemy.engine.Engine SELECT users.id 
FROM users 
WHERE users.id = $1::UUID
2026-03-25 01:02:31,064 INFO sqlalchemy.engine.Engine [cached since 837s ago] (UUID('8ce4bdac-8306-4b07-b065-a2a232c94f47'),)
2026-03-25 01:02:31,067 INFO sqlalchemy.engine.Engine SELECT roles.id AS roles_id, roles.name AS roles_name 
FROM roles 
WHERE roles.id = $1::INTEGER
2026-03-25 01:02:31,068 INFO sqlalchemy.engine.Engine [cached since 812.1s ago] (4,)
2026-03-25 01:02:31,071 INFO sqlalchemy.engine.Engine SELECT logistics_driver_profiles.id, logistics_driver_profiles.user_id, logistics_driver_profiles.warehouse_id, logistics_driver_profiles.status, logistics_driver_profiles.current_location, logistics_driver_profiles.current_job, logistics_driver_profiles.efficiency_score, logistics_driver_profiles.avatar_color, logistics_driver_profiles.chat_history, logistics_driver_profiles.created_at, logistics_driver_profiles.updated_at 
FROM logistics_driver_profiles 
WHERE logistics_driver_profiles.user_id = $1::UUID
2026-03-25 01:02:31,072 INFO sqlalchemy.engine.Engine [cached since 216.1s ago] (UUID('8ce4bdac-8306-4b07-b065-a2a232c94f47'),)
2026-03-25 01:02:31,075 INFO sqlalchemy.engine.Engine SELECT warehouses.id, warehouses.name, warehouses.address, warehouses.lat, warehouses.lng, warehouses.manager_id, warehouses.floor_plan_json, warehouses.capacity_limit, warehouses.is_active, warehouses.created_at, warehouses.updated_at 
FROM warehouses 
WHERE warehouses.id = $1::UUID
2026-03-25 01:02:31,075 INFO sqlalchemy.engine.Engine [cached since 216.1s ago] (UUID('b7345343-13ae-46fe-b467-005bf9cfbb89'),)
2026-03-25 01:02:31,079 INFO sqlalchemy.engine.Engine SELECT orders.id, orders.tracking_code, orders.order_type, orders.status, orders.warehouse_substatus, orders.customer_id, orders.warehouse_id, orders.assigned_driver_id, orders.assigned_vehicle_id, orders.pickup_addr, orders.delivery_addr, orders.delivery_lat, orders.delivery_lng, orders.cargo_type, orders.vehicle_type, orders.labor_count, orders.base_amount, orders.vehicle_amount, orders.labor_amount, orders.materials_amount, orders.packing_amount, orders.platform_fee, orders.tax_amount, orders.total_amount, orders.payment_mode, orders.payment_status, orders.paid_amount, orders.declared_value, orders.service_otp, orders.service_time_block, orders.scheduled_at, orders.cancel_reason, orders.picking_started_at, orders.picking_completed_at, orders.packing_started_at, orders.packing_completed_at, orders.created_at, orders.updated_at 
FROM orders 
WHERE orders.assigned_driver_id = $1::UUID AND (orders.status NOT IN ($2::VARCHAR, $3::VARCHAR)) ORDER BY orders.scheduled_at ASC NULLS LAST, orders.created_at ASC
2026-03-25 01:02:31,080 INFO sqlalchemy.engine.Engine [cached since 216.1s ago] (UUID('8ce4bdac-8306-4b07-b065-a2a232c94f47'), 'DRAFT', 'CANCELLED')
2026-03-25 01:02:31,082 INFO sqlalchemy.engine.Engine SELECT order_items.order_id AS order_items_order_id, order_items.id AS order_items_id, order_items.sku AS order_items_sku, order_items.quantity AS order_items_quantity, order_items.box_count AS order_items_box_count, order_items.estimated_volume AS order_items_estimated_volume, order_items.created_at AS order_items_created_at 
FROM order_items 
WHERE order_items.order_id IN ($1::UUID)
2026-03-25 01:02:31,083 INFO sqlalchemy.engine.Engine [cached since 216.1s ago] (UUID('acc982ee-61cc-4f55-b505-fe9c17374a25'),)
2026-03-25 01:02:31,086 INFO sqlalchemy.engine.Engine SELECT logistics_vehicles.id, logistics_vehicles.code, logistics_vehicles.vehicle_type, logistics_vehicles.warehouse_id, logistics_vehicles.assigned_driver_id, logistics_vehicles.model, logistics_vehicles.year, logistics_vehicles.license_plate, logistics_vehicles.status, logistics_vehicles.fuel_efficiency, logistics_vehicles.mileage, logistics_vehicles.next_service_date, logistics_vehicles.maintenance_issue, logistics_vehicles.created_at, logistics_vehicles.updated_at 
FROM logistics_vehicles 
WHERE logistics_vehicles.id IN ($1::UUID)
2026-03-25 01:02:31,087 INFO sqlalchemy.engine.Engine [cached since 216.1s ago] (UUID('c6568bb2-39b7-44b7-a08f-de2846bd77ea'),)
2026-03-25 01:02:31,091 INFO sqlalchemy.engine.Engine SELECT logistics_vehicles.id, logistics_vehicles.code, logistics_vehicles.vehicle_type, logistics_vehicles.warehouse_id, logistics_vehicles.assigned_driver_id, logistics_vehicles.model, logistics_vehicles.year, logistics_vehicles.license_plate, logistics_vehicles.status, logistics_vehicles.fuel_efficiency, logistics_vehicles.mileage, logistics_vehicles.next_service_date, logistics_vehicles.maintenance_issue, logistics_vehicles.created_at, logistics_vehicles.updated_at 
FROM logistics_vehicles 
WHERE logistics_vehicles.warehouse_id = $1::UUID AND (logistics_vehicles.assigned_driver_id = $2::UUID OR logistics_vehicles.warehouse_id = $3::UUID AND (logistics_vehicles.assigned_driver_id IS NULL OR logistics_vehicles.assigned_driver_id = $4::UUID)) ORDER BY logistics_vehicles.created_at DESC
2026-03-25 01:02:31,091 INFO sqlalchemy.engine.Engine [cached since 216.1s ago] (UUID('b7345343-13ae-46fe-b467-005bf9cfbb89'), UUID('8ce4bdac-8306-4b07-b065-a2a232c94f47'), UUID('b7345343-13ae-46fe-b467-005bf9cfbb89'), UUID('8ce4bdac-8306-4b07-b065-a2a232c94f47'))
2026-03-25 01:02:31,093 INFO sqlalchemy.engine.Engine SELECT orders.id, orders.tracking_code, orders.order_type, orders.status, orders.warehouse_substatus, orders.customer_id, orders.warehouse_id, orders.assigned_driver_id, orders.assigned_vehicle_id, orders.pickup_addr, orders.delivery_addr, orders.delivery_lat, orders.delivery_lng, orders.cargo_type, orders.vehicle_type, orders.labor_count, orders.base_amount, orders.vehicle_amount, orders.labor_amount, orders.materials_amount, orders.packing_amount, orders.platform_fee, orders.tax_amount, orders.total_amount, orders.payment_mode, orders.payment_status, orders.paid_amount, orders.declared_value, orders.service_otp, orders.service_time_block, orders.scheduled_at, orders.cancel_reason, orders.picking_started_at, orders.picking_completed_at, orders.packing_started_at, orders.packing_completed_at, orders.created_at, orders.updated_at 
FROM orders 
WHERE orders.status IN ($1::VARCHAR, $2::VARCHAR) AND orders.assigned_vehicle_id IS NOT NULL AND orders.assigned_driver_id IS NOT NULL
2026-03-25 01:02:31,094 INFO sqlalchemy.engine.Engine [cached since 216.1s ago] ('ASSIGNED', 'IN_TRANSIT')
2026-03-25 01:02:31,097 INFO sqlalchemy.engine.Engine SELECT users.id, users.name, users.username, users.email, users.phone, users.alt_phone, users.date_of_birth, users.address, users.preferred_language, users.preferred_currency, users.default_payment_method, users.notifications_push, users.notifications_sms, users.notifications_email, users.notifications_geofence, users.notifications_promo, users.privacy_location, users.privacy_analytics, users.privacy_marketing, users.password_hash, users.role_id, users.warehouse_id, users.is_active, users.last_login, users.created_at, users.updated_at 
FROM users 
WHERE users.id IN ($1::UUID)
2026-03-25 01:02:31,097 INFO sqlalchemy.engine.Engine [cached since 216.1s ago] (UUID('8ce4bdac-8306-4b07-b065-a2a232c94f47'),)
INFO:     127.0.0.1:59462 - "GET /api/v1/logistics/drivers/me/dashboard HTTP/1.1" 200 OK
2026-03-25 01:02:31,104 INFO sqlalchemy.engine.Engine COMMIT
INFO:     127.0.0.1:63375 - "OPTIONS /api/v1/auth/login HTTP/1.1" 200 OK
2026-03-25 01:09:51,932 INFO sqlalchemy.engine.Engine BEGIN (implicit)
2026-03-25 01:09:51,934 INFO sqlalchemy.engine.Engine SELECT users.id, users.name, users.username, users.email, users.phone, users.alt_phone, users.date_of_birth, users.address, users.preferred_language, users.preferred_currency, users.default_payment_method, users.notifications_push, users.notifications_sms, users.notifications_email, users.notifications_geofence, users.notifications_promo, users.privacy_location, users.privacy_analytics, users.privacy_marketing, users.password_hash, users.role_id, users.warehouse_id, users.is_active, users.last_login, users.created_at, users.updated_at 
FROM users 
WHERE users.email = $1::VARCHAR OR users.username = $2::VARCHAR
2026-03-25 01:09:51,935 INFO sqlalchemy.engine.Engine [cached since 1254s ago] ('driver1@gmail.com', 'driver1_gmail_com')
2026-03-25 01:09:52,492 INFO sqlalchemy.engine.Engine UPDATE users SET last_login=$1::TIMESTAMP WITH TIME ZONE, updated_at=$2::TIMESTAMP WITH TIME ZONE WHERE users.id = $3::UUID
2026-03-25 01:09:52,493 INFO sqlalchemy.engine.Engine [cached since 1254s ago] (datetime.datetime(2026, 3, 24, 19, 39, 52, 491919, tzinfo=datetime.timezone.utc), datetime.datetime(2026, 3, 24, 19, 39, 52, 492937, tzinfo=datetime.timezone.utc), UUID('8ce4bdac-8306-4b07-b065-a2a232c94f47'))
2026-03-25 01:09:52,497 INFO sqlalchemy.engine.Engine SELECT users.id 
FROM users 
WHERE users.id = $1::UUID
2026-03-25 01:09:52,497 INFO sqlalchemy.engine.Engine [cached since 1278s ago] (UUID('8ce4bdac-8306-4b07-b065-a2a232c94f47'),)
2026-03-25 01:09:52,499 INFO sqlalchemy.engine.Engine SELECT roles.id AS roles_id, roles.name AS roles_name 
FROM roles 
WHERE roles.id = $1::INTEGER
2026-03-25 01:09:52,500 INFO sqlalchemy.engine.Engine [cached since 1254s ago] (4,)
INFO:     127.0.0.1:63375 - "POST /api/v1/auth/login HTTP/1.1" 200 OK
2026-03-25 01:09:52,506 INFO sqlalchemy.engine.Engine COMMIT
INFO:     127.0.0.1:63375 - "OPTIONS /api/v1/auth/me HTTP/1.1" 200 OK
2026-03-25 01:09:52,611 INFO sqlalchemy.engine.Engine BEGIN (implicit)
2026-03-25 01:09:52,613 INFO sqlalchemy.engine.Engine SELECT users.id, users.name, users.username, users.email, users.phone, users.alt_phone, users.date_of_birth, users.address, users.preferred_language, users.preferred_currency, users.default_payment_method, users.notifications_push, users.notifications_sms, users.notifications_email, users.notifications_geofence, users.notifications_promo, users.privacy_location, users.privacy_analytics, users.privacy_marketing, users.password_hash, users.role_id, users.warehouse_id, users.is_active, users.last_login, users.created_at, users.updated_at 
FROM users 
WHERE users.id = $1::UUID
2026-03-25 01:09:52,614 INFO sqlalchemy.engine.Engine [cached since 657.8s ago] (UUID('8ce4bdac-8306-4b07-b065-a2a232c94f47'),)
2026-03-25 01:09:52,616 INFO sqlalchemy.engine.Engine SELECT users.id 
FROM users 
WHERE users.id = $1::UUID
2026-03-25 01:09:52,617 INFO sqlalchemy.engine.Engine [cached since 1279s ago] (UUID('8ce4bdac-8306-4b07-b065-a2a232c94f47'),)
2026-03-25 01:09:52,620 INFO sqlalchemy.engine.Engine SELECT roles.id AS roles_id, roles.name AS roles_name 
FROM roles 
WHERE roles.id = $1::INTEGER
2026-03-25 01:09:52,621 INFO sqlalchemy.engine.Engine [cached since 1254s ago] (4,)
INFO:     127.0.0.1:63376 - "GET /api/v1/auth/me HTTP/1.1" 200 OK
2026-03-25 01:09:52,626 INFO sqlalchemy.engine.Engine COMMIT
INFO:     127.0.0.1:63376 - "OPTIONS /api/v1/logistics/drivers/me/dashboard HTTP/1.1" 200 OK
2026-03-25 01:09:52,671 INFO sqlalchemy.engine.Engine BEGIN (implicit)
2026-03-25 01:09:52,673 INFO sqlalchemy.engine.Engine SELECT users.id, users.name, users.username, users.email, users.phone, users.alt_phone, users.date_of_birth, users.address, users.preferred_language, users.preferred_currency, users.default_payment_method, users.notifications_push, users.notifications_sms, users.notifications_email, users.notifications_geofence, users.notifications_promo, users.privacy_location, users.privacy_analytics, users.privacy_marketing, users.password_hash, users.role_id, users.warehouse_id, users.is_active, users.last_login, users.created_at, users.updated_at 
FROM users 
WHERE users.id = $1::UUID
2026-03-25 01:09:52,673 INFO sqlalchemy.engine.Engine [cached since 657.8s ago] (UUID('8ce4bdac-8306-4b07-b065-a2a232c94f47'),)
2026-03-25 01:09:52,678 INFO sqlalchemy.engine.Engine SELECT users.id 
FROM users 
WHERE users.id = $1::UUID
2026-03-25 01:09:52,679 INFO sqlalchemy.engine.Engine [cached since 1279s ago] (UUID('8ce4bdac-8306-4b07-b065-a2a232c94f47'),)
2026-03-25 01:09:52,681 INFO sqlalchemy.engine.Engine SELECT roles.id AS roles_id, roles.name AS roles_name 
FROM roles 
WHERE roles.id = $1::INTEGER
2026-03-25 01:09:52,682 INFO sqlalchemy.engine.Engine [cached since 1254s ago] (4,)
2026-03-25 01:09:52,685 INFO sqlalchemy.engine.Engine SELECT logistics_driver_profiles.id, logistics_driver_profiles.user_id, logistics_driver_profiles.warehouse_id, logistics_driver_profiles.status, logistics_driver_profiles.current_location, logistics_driver_profiles.current_job, logistics_driver_profiles.efficiency_score, logistics_driver_profiles.avatar_color, logistics_driver_profiles.chat_history, logistics_driver_profiles.created_at, logistics_driver_profiles.updated_at 
FROM logistics_driver_profiles 
WHERE logistics_driver_profiles.user_id = $1::UUID
2026-03-25 01:09:52,686 INFO sqlalchemy.engine.Engine [cached since 657.7s ago] (UUID('8ce4bdac-8306-4b07-b065-a2a232c94f47'),)
2026-03-25 01:09:52,688 INFO sqlalchemy.engine.Engine SELECT warehouses.id, warehouses.name, warehouses.address, warehouses.lat, warehouses.lng, warehouses.manager_id, warehouses.floor_plan_json, warehouses.capacity_limit, warehouses.is_active, warehouses.created_at, warehouses.updated_at 
FROM warehouses 
WHERE warehouses.id = $1::UUID
2026-03-25 01:09:52,689 INFO sqlalchemy.engine.Engine [cached since 657.7s ago] (UUID('b7345343-13ae-46fe-b467-005bf9cfbb89'),)
2026-03-25 01:09:52,693 INFO sqlalchemy.engine.Engine SELECT orders.id, orders.tracking_code, orders.order_type, orders.status, orders.warehouse_substatus, orders.customer_id, orders.warehouse_id, orders.assigned_driver_id, orders.assigned_vehicle_id, orders.pickup_addr, orders.delivery_addr, orders.delivery_lat, orders.delivery_lng, orders.cargo_type, orders.vehicle_type, orders.labor_count, orders.base_amount, orders.vehicle_amount, orders.labor_amount, orders.materials_amount, orders.packing_amount, orders.platform_fee, orders.tax_amount, orders.total_amount, orders.payment_mode, orders.payment_status, orders.paid_amount, orders.declared_value, orders.service_otp, orders.service_time_block, orders.scheduled_at, orders.cancel_reason, orders.picking_started_at, orders.picking_completed_at, orders.packing_started_at, orders.packing_completed_at, orders.created_at, orders.updated_at 
FROM orders 
WHERE orders.assigned_driver_id = $1::UUID AND (orders.status NOT IN ($2::VARCHAR, $3::VARCHAR)) ORDER BY orders.scheduled_at ASC NULLS LAST, orders.created_at ASC
2026-03-25 01:09:52,694 INFO sqlalchemy.engine.Engine [cached since 657.7s ago] (UUID('8ce4bdac-8306-4b07-b065-a2a232c94f47'), 'DRAFT', 'CANCELLED')
2026-03-25 01:09:52,697 INFO sqlalchemy.engine.Engine SELECT order_items.order_id AS order_items_order_id, order_items.id AS order_items_id, order_items.sku AS order_items_sku, order_items.quantity AS order_items_quantity, order_items.box_count AS order_items_box_count, order_items.estimated_volume AS order_items_estimated_volume, order_items.created_at AS order_items_created_at 
FROM order_items 
WHERE order_items.order_id IN ($1::UUID)
2026-03-25 01:09:52,697 INFO sqlalchemy.engine.Engine [cached since 657.7s ago] (UUID('acc982ee-61cc-4f55-b505-fe9c17374a25'),)
2026-03-25 01:09:52,700 INFO sqlalchemy.engine.Engine SELECT logistics_vehicles.id, logistics_vehicles.code, logistics_vehicles.vehicle_type, logistics_vehicles.warehouse_id, logistics_vehicles.assigned_driver_id, logistics_vehicles.model, logistics_vehicles.year, logistics_vehicles.license_plate, logistics_vehicles.status, logistics_vehicles.fuel_efficiency, logistics_vehicles.mileage, logistics_vehicles.next_service_date, logistics_vehicles.maintenance_issue, logistics_vehicles.created_at, logistics_vehicles.updated_at 
FROM logistics_vehicles 
WHERE logistics_vehicles.id IN ($1::UUID)
2026-03-25 01:09:52,701 INFO sqlalchemy.engine.Engine [cached since 657.7s ago] (UUID('c6568bb2-39b7-44b7-a08f-de2846bd77ea'),)
2026-03-25 01:09:52,704 INFO sqlalchemy.engine.Engine SELECT logistics_vehicles.id, logistics_vehicles.code, logistics_vehicles.vehicle_type, logistics_vehicles.warehouse_id, logistics_vehicles.assigned_driver_id, logistics_vehicles.model, logistics_vehicles.year, logistics_vehicles.license_plate, logistics_vehicles.status, logistics_vehicles.fuel_efficiency, logistics_vehicles.mileage, logistics_vehicles.next_service_date, logistics_vehicles.maintenance_issue, logistics_vehicles.created_at, logistics_vehicles.updated_at 
FROM logistics_vehicles 
WHERE logistics_vehicles.warehouse_id = $1::UUID AND (logistics_vehicles.assigned_driver_id = $2::UUID OR logistics_vehicles.warehouse_id = $3::UUID AND (logistics_vehicles.assigned_driver_id IS NULL OR logistics_vehicles.assigned_driver_id = $4::UUID)) ORDER BY logistics_vehicles.created_at DESC
2026-03-25 01:09:52,705 INFO sqlalchemy.engine.Engine [cached since 657.7s ago] (UUID('b7345343-13ae-46fe-b467-005bf9cfbb89'), UUID('8ce4bdac-8306-4b07-b065-a2a232c94f47'), UUID('b7345343-13ae-46fe-b467-005bf9cfbb89'), UUID('8ce4bdac-8306-4b07-b065-a2a232c94f47'))
2026-03-25 01:09:52,708 INFO sqlalchemy.engine.Engine SELECT orders.id, orders.tracking_code, orders.order_type, orders.status, orders.warehouse_substatus, orders.customer_id, orders.warehouse_id, orders.assigned_driver_id, orders.assigned_vehicle_id, orders.pickup_addr, orders.delivery_addr, orders.delivery_lat, orders.delivery_lng, orders.cargo_type, orders.vehicle_type, orders.labor_count, orders.base_amount, orders.vehicle_amount, orders.labor_amount, orders.materials_amount, orders.packing_amount, orders.platform_fee, orders.tax_amount, orders.total_amount, orders.payment_mode, orders.payment_status, orders.paid_amount, orders.declared_value, orders.service_otp, orders.service_time_block, orders.scheduled_at, orders.cancel_reason, orders.picking_started_at, orders.picking_completed_at, orders.packing_started_at, orders.packing_completed_at, orders.created_at, orders.updated_at 
FROM orders 
WHERE orders.status IN ($1::VARCHAR, $2::VARCHAR) AND orders.assigned_vehicle_id IS NOT NULL AND orders.assigned_driver_id IS NOT NULL
2026-03-25 01:09:52,709 INFO sqlalchemy.engine.Engine [cached since 657.7s ago] ('ASSIGNED', 'IN_TRANSIT')
2026-03-25 01:09:52,712 INFO sqlalchemy.engine.Engine SELECT users.id, users.name, users.username, users.email, users.phone, users.alt_phone, users.date_of_birth, users.address, users.preferred_language, users.preferred_currency, users.default_payment_method, users.notifications_push, users.notifications_sms, users.notifications_email, users.notifications_geofence, users.notifications_promo, users.privacy_location, users.privacy_analytics, users.privacy_marketing, users.password_hash, users.role_id, users.warehouse_id, users.is_active, users.last_login, users.created_at, users.updated_at 
FROM users 
WHERE users.id IN ($1::UUID)
2026-03-25 01:09:52,713 INFO sqlalchemy.engine.Engine [cached since 657.7s ago] (UUID('8ce4bdac-8306-4b07-b065-a2a232c94f47'),)
INFO:     127.0.0.1:63375 - "GET /api/v1/logistics/drivers/me/dashboard HTTP/1.1" 200 OK
2026-03-25 01:09:52,719 INFO sqlalchemy.engine.Engine COMMIT
2026-03-25 01:09:52,847 INFO sqlalchemy.engine.Engine BEGIN (implicit)
2026-03-25 01:09:52,849 INFO sqlalchemy.engine.Engine SELECT users.id, users.name, users.username, users.email, users.phone, users.alt_phone, users.date_of_birth, users.address, users.preferred_language, users.preferred_currency, users.default_payment_method, users.notifications_push, users.notifications_sms, users.notifications_email, users.notifications_geofence, users.notifications_promo, users.privacy_location, users.privacy_analytics, users.privacy_marketing, users.password_hash, users.role_id, users.warehouse_id, users.is_active, users.last_login, users.created_at, users.updated_at 
FROM users 
WHERE users.id = $1::UUID
2026-03-25 01:09:52,849 INFO sqlalchemy.engine.Engine [cached since 658s ago] (UUID('8ce4bdac-8306-4b07-b065-a2a232c94f47'),)
2026-03-25 01:09:52,853 INFO sqlalchemy.engine.Engine SELECT users.id 
FROM users 
WHERE users.id = $1::UUID
2026-03-25 01:09:52,854 INFO sqlalchemy.engine.Engine [cached since 1279s ago] (UUID('8ce4bdac-8306-4b07-b065-a2a232c94f47'),)
2026-03-25 01:09:52,855 INFO sqlalchemy.engine.Engine SELECT roles.id AS roles_id, roles.name AS roles_name 
FROM roles 
WHERE roles.id = $1::INTEGER
2026-03-25 01:09:52,857 INFO sqlalchemy.engine.Engine [cached since 1254s ago] (4,)
2026-03-25 01:09:52,859 INFO sqlalchemy.engine.Engine SELECT logistics_driver_profiles.id, logistics_driver_profiles.user_id, logistics_driver_profiles.warehouse_id, logistics_driver_profiles.status, logistics_driver_profiles.current_location, logistics_driver_profiles.current_job, logistics_driver_profiles.efficiency_score, logistics_driver_profiles.avatar_color, logistics_driver_profiles.chat_history, logistics_driver_profiles.created_at, logistics_driver_profiles.updated_at 
FROM logistics_driver_profiles 
WHERE logistics_driver_profiles.user_id = $1::UUID
2026-03-25 01:09:52,860 INFO sqlalchemy.engine.Engine [cached since 657.9s ago] (UUID('8ce4bdac-8306-4b07-b065-a2a232c94f47'),)
2026-03-25 01:09:52,862 INFO sqlalchemy.engine.Engine SELECT warehouses.id, warehouses.name, warehouses.address, warehouses.lat, warehouses.lng, warehouses.manager_id, warehouses.floor_plan_json, warehouses.capacity_limit, warehouses.is_active, warehouses.created_at, warehouses.updated_at 
FROM warehouses 
WHERE warehouses.id = $1::UUID
2026-03-25 01:09:52,863 INFO sqlalchemy.engine.Engine [cached since 657.9s ago] (UUID('b7345343-13ae-46fe-b467-005bf9cfbb89'),)
2026-03-25 01:09:52,866 INFO sqlalchemy.engine.Engine SELECT orders.id, orders.tracking_code, orders.order_type, orders.status, orders.warehouse_substatus, orders.customer_id, orders.warehouse_id, orders.assigned_driver_id, orders.assigned_vehicle_id, orders.pickup_addr, orders.delivery_addr, orders.delivery_lat, orders.delivery_lng, orders.cargo_type, orders.vehicle_type, orders.labor_count, orders.base_amount, orders.vehicle_amount, orders.labor_amount, orders.materials_amount, orders.packing_amount, orders.platform_fee, orders.tax_amount, orders.total_amount, orders.payment_mode, orders.payment_status, orders.paid_amount, orders.declared_value, orders.service_otp, orders.service_time_block, orders.scheduled_at, orders.cancel_reason, orders.picking_started_at, orders.picking_completed_at, orders.packing_started_at, orders.packing_completed_at, orders.created_at, orders.updated_at 
FROM orders 
WHERE orders.assigned_driver_id = $1::UUID AND (orders.status NOT IN ($2::VARCHAR, $3::VARCHAR)) ORDER BY orders.scheduled_at ASC NULLS LAST, orders.created_at ASC
2026-03-25 01:09:52,867 INFO sqlalchemy.engine.Engine [cached since 657.9s ago] (UUID('8ce4bdac-8306-4b07-b065-a2a232c94f47'), 'DRAFT', 'CANCELLED')
2026-03-25 01:09:52,871 INFO sqlalchemy.engine.Engine SELECT order_items.order_id AS order_items_order_id, order_items.id AS order_items_id, order_items.sku AS order_items_sku, order_items.quantity AS order_items_quantity, order_items.box_count AS order_items_box_count, order_items.estimated_volume AS order_items_estimated_volume, order_items.created_at AS order_items_created_at 
FROM order_items 
WHERE order_items.order_id IN ($1::UUID)
2026-03-25 01:09:52,871 INFO sqlalchemy.engine.Engine [cached since 657.9s ago] (UUID('acc982ee-61cc-4f55-b505-fe9c17374a25'),)
2026-03-25 01:09:52,874 INFO sqlalchemy.engine.Engine SELECT logistics_vehicles.id, logistics_vehicles.code, logistics_vehicles.vehicle_type, logistics_vehicles.warehouse_id, logistics_vehicles.assigned_driver_id, logistics_vehicles.model, logistics_vehicles.year, logistics_vehicles.license_plate, logistics_vehicles.status, logistics_vehicles.fuel_efficiency, logistics_vehicles.mileage, logistics_vehicles.next_service_date, logistics_vehicles.maintenance_issue, logistics_vehicles.created_at, logistics_vehicles.updated_at 
FROM logistics_vehicles 
WHERE logistics_vehicles.id IN ($1::UUID)
2026-03-25 01:09:52,875 INFO sqlalchemy.engine.Engine [cached since 657.9s ago] (UUID('c6568bb2-39b7-44b7-a08f-de2846bd77ea'),)
2026-03-25 01:09:52,877 INFO sqlalchemy.engine.Engine SELECT logistics_vehicles.id, logistics_vehicles.code, logistics_vehicles.vehicle_type, logistics_vehicles.warehouse_id, logistics_vehicles.assigned_driver_id, logistics_vehicles.model, logistics_vehicles.year, logistics_vehicles.license_plate, logistics_vehicles.status, logistics_vehicles.fuel_efficiency, logistics_vehicles.mileage, logistics_vehicles.next_service_date, logistics_vehicles.maintenance_issue, logistics_vehicles.created_at, logistics_vehicles.updated_at 
FROM logistics_vehicles 
WHERE logistics_vehicles.warehouse_id = $1::UUID AND (logistics_vehicles.assigned_driver_id = $2::UUID OR logistics_vehicles.warehouse_id = $3::UUID AND (logistics_vehicles.assigned_driver_id IS NULL OR logistics_vehicles.assigned_driver_id = $4::UUID)) ORDER BY logistics_vehicles.created_at DESC
2026-03-25 01:09:52,879 INFO sqlalchemy.engine.Engine [cached since 657.8s ago] (UUID('b7345343-13ae-46fe-b467-005bf9cfbb89'), UUID('8ce4bdac-8306-4b07-b065-a2a232c94f47'), UUID('b7345343-13ae-46fe-b467-005bf9cfbb89'), UUID('8ce4bdac-8306-4b07-b065-a2a232c94f47'))
2026-03-25 01:09:52,882 INFO sqlalchemy.engine.Engine SELECT orders.id, orders.tracking_code, orders.order_type, orders.status, orders.warehouse_substatus, orders.customer_id, orders.warehouse_id, orders.assigned_driver_id, orders.assigned_vehicle_id, orders.pickup_addr, orders.delivery_addr, orders.delivery_lat, orders.delivery_lng, orders.cargo_type, orders.vehicle_type, orders.labor_count, orders.base_amount, orders.vehicle_amount, orders.labor_amount, orders.materials_amount, orders.packing_amount, orders.platform_fee, orders.tax_amount, orders.total_amount, orders.payment_mode, orders.payment_status, orders.paid_amount, orders.declared_value, orders.service_otp, orders.service_time_block, orders.scheduled_at, orders.cancel_reason, orders.picking_started_at, orders.picking_completed_at, orders.packing_started_at, orders.packing_completed_at, orders.created_at, orders.updated_at 
FROM orders 
WHERE orders.status IN ($1::VARCHAR, $2::VARCHAR) AND orders.assigned_vehicle_id IS NOT NULL AND orders.assigned_driver_id IS NOT NULL
2026-03-25 01:09:52,883 INFO sqlalchemy.engine.Engine [cached since 657.8s ago] ('ASSIGNED', 'IN_TRANSIT')
2026-03-25 01:09:52,886 INFO sqlalchemy.engine.Engine SELECT users.id, users.name, users.username, users.email, users.phone, users.alt_phone, users.date_of_birth, users.address, users.preferred_language, users.preferred_currency, users.default_payment_method, users.notifications_push, users.notifications_sms, users.notifications_email, users.notifications_geofence, users.notifications_promo, users.privacy_location, users.privacy_analytics, users.privacy_marketing, users.password_hash, users.role_id, users.warehouse_id, users.is_active, users.last_login, users.created_at, users.updated_at 
FROM users 
WHERE users.id IN ($1::UUID)
2026-03-25 01:09:52,887 INFO sqlalchemy.engine.Engine [cached since 657.8s ago] (UUID('8ce4bdac-8306-4b07-b065-a2a232c94f47'),)
INFO:     127.0.0.1:63375 - "GET /api/v1/logistics/drivers/me/dashboard HTTP/1.1" 200 OK
2026-03-25 01:09:52,893 INFO sqlalchemy.engine.Engine COMMIT
INFO:     127.0.0.1:63375 - "OPTIONS /api/v1/logistics/drivers/me/shift/start HTTP/1.1" 200 OK
2026-03-25 01:09:54,459 INFO sqlalchemy.engine.Engine BEGIN (implicit)
2026-03-25 01:09:54,461 INFO sqlalchemy.engine.Engine SELECT users.id, users.name, users.username, users.email, users.phone, users.alt_phone, users.date_of_birth, users.address, users.preferred_language, users.preferred_currency, users.default_payment_method, users.notifications_push, users.notifications_sms, users.notifications_email, users.notifications_geofence, users.notifications_promo, users.privacy_location, users.privacy_analytics, users.privacy_marketing, users.password_hash, users.role_id, users.warehouse_id, users.is_active, users.last_login, users.created_at, users.updated_at 
FROM users 
WHERE users.id = $1::UUID
2026-03-25 01:09:54,462 INFO sqlalchemy.engine.Engine [cached since 659.6s ago] (UUID('8ce4bdac-8306-4b07-b065-a2a232c94f47'),)
2026-03-25 01:09:54,464 INFO sqlalchemy.engine.Engine SELECT users.id 
FROM users 
WHERE users.id = $1::UUID
2026-03-25 01:09:54,466 INFO sqlalchemy.engine.Engine [cached since 1280s ago] (UUID('8ce4bdac-8306-4b07-b065-a2a232c94f47'),)
2026-03-25 01:09:54,468 INFO sqlalchemy.engine.Engine SELECT roles.id AS roles_id, roles.name AS roles_name 
FROM roles 
WHERE roles.id = $1::INTEGER
2026-03-25 01:09:54,469 INFO sqlalchemy.engine.Engine [cached since 1255s ago] (4,)
2026-03-25 01:09:54,474 INFO sqlalchemy.engine.Engine SELECT logistics_driver_profiles.id, logistics_driver_profiles.user_id, logistics_driver_profiles.warehouse_id, logistics_driver_profiles.status, logistics_driver_profiles.current_location, logistics_driver_profiles.current_job, logistics_driver_profiles.efficiency_score, logistics_driver_profiles.avatar_color, logistics_driver_profiles.chat_history, logistics_driver_profiles.created_at, logistics_driver_profiles.updated_at 
FROM logistics_driver_profiles 
WHERE logistics_driver_profiles.user_id = $1::UUID
2026-03-25 01:09:54,475 INFO sqlalchemy.engine.Engine [cached since 659.5s ago] (UUID('8ce4bdac-8306-4b07-b065-a2a232c94f47'),)
2026-03-25 01:09:54,479 INFO sqlalchemy.engine.Engine SELECT orders.id, orders.tracking_code, orders.order_type, orders.status, orders.warehouse_substatus, orders.customer_id, orders.warehouse_id, orders.assigned_driver_id, orders.assigned_vehicle_id, orders.pickup_addr, orders.delivery_addr, orders.delivery_lat, orders.delivery_lng, orders.cargo_type, orders.vehicle_type, orders.labor_count, orders.base_amount, orders.vehicle_amount, orders.labor_amount, orders.materials_amount, orders.packing_amount, orders.platform_fee, orders.tax_amount, orders.total_amount, orders.payment_mode, orders.payment_status, orders.paid_amount, orders.declared_value, orders.service_otp, orders.service_time_block, orders.scheduled_at, orders.cancel_reason, orders.picking_started_at, orders.picking_completed_at, orders.packing_started_at, orders.packing_completed_at, orders.created_at, orders.updated_at 
FROM orders 
WHERE orders.assigned_driver_id = $1::UUID AND (orders.status NOT IN ($2::VARCHAR, $3::VARCHAR)) ORDER BY orders.scheduled_at ASC NULLS LAST, orders.created_at ASC
2026-03-25 01:09:54,480 INFO sqlalchemy.engine.Engine [cached since 659.5s ago] (UUID('8ce4bdac-8306-4b07-b065-a2a232c94f47'), 'DRAFT', 'CANCELLED')
2026-03-25 01:09:54,484 INFO sqlalchemy.engine.Engine SELECT order_items.order_id AS order_items_order_id, order_items.id AS order_items_id, order_items.sku AS order_items_sku, order_items.quantity AS order_items_quantity, order_items.box_count AS order_items_box_count, order_items.estimated_volume AS order_items_estimated_volume, order_items.created_at AS order_items_created_at 
FROM order_items 
WHERE order_items.order_id IN ($1::UUID)
2026-03-25 01:09:54,485 INFO sqlalchemy.engine.Engine [cached since 659.5s ago] (UUID('acc982ee-61cc-4f55-b505-fe9c17374a25'),)
2026-03-25 01:09:54,490 INFO sqlalchemy.engine.Engine UPDATE users SET last_login=$1::TIMESTAMP WITH TIME ZONE, updated_at=$2::TIMESTAMP WITH TIME ZONE WHERE users.id = $3::UUID
2026-03-25 01:09:54,492 INFO sqlalchemy.engine.Engine [cached since 1256s ago] (datetime.datetime(2026, 3, 24, 19, 39, 54, 477184, tzinfo=datetime.timezone.utc), datetime.datetime(2026, 3, 24, 19, 39, 54, 490269, tzinfo=datetime.timezone.utc), UUID('8ce4bdac-8306-4b07-b065-a2a232c94f47'))
INFO:     127.0.0.1:63375 - "POST /api/v1/logistics/drivers/me/shift/start HTTP/1.1" 200 OK
2026-03-25 01:09:54,498 INFO sqlalchemy.engine.Engine COMMIT
2026-03-25 01:09:54,551 INFO sqlalchemy.engine.Engine BEGIN (implicit)
2026-03-25 01:09:54,553 INFO sqlalchemy.engine.Engine SELECT users.id, users.name, users.username, users.email, users.phone, users.alt_phone, users.date_of_birth, users.address, users.preferred_language, users.preferred_currency, users.default_payment_method, users.notifications_push, users.notifications_sms, users.notifications_email, users.notifications_geofence, users.notifications_promo, users.privacy_location, users.privacy_analytics, users.privacy_marketing, users.password_hash, users.role_id, users.warehouse_id, users.is_active, users.last_login, users.created_at, users.updated_at 
FROM users 
WHERE users.id = $1::UUID
2026-03-25 01:09:54,554 INFO sqlalchemy.engine.Engine [cached since 659.7s ago] (UUID('8ce4bdac-8306-4b07-b065-a2a232c94f47'),)
2026-03-25 01:09:54,558 INFO sqlalchemy.engine.Engine SELECT users.id 
FROM users 
WHERE users.id = $1::UUID
2026-03-25 01:09:54,558 INFO sqlalchemy.engine.Engine [cached since 1280s ago] (UUID('8ce4bdac-8306-4b07-b065-a2a232c94f47'),)
2026-03-25 01:09:54,561 INFO sqlalchemy.engine.Engine SELECT roles.id AS roles_id, roles.name AS roles_name 
FROM roles 
WHERE roles.id = $1::INTEGER
2026-03-25 01:09:54,563 INFO sqlalchemy.engine.Engine [cached since 1256s ago] (4,)
2026-03-25 01:09:54,565 INFO sqlalchemy.engine.Engine SELECT logistics_driver_profiles.id, logistics_driver_profiles.user_id, logistics_driver_profiles.warehouse_id, logistics_driver_profiles.status, logistics_driver_profiles.current_location, logistics_driver_profiles.current_job, logistics_driver_profiles.efficiency_score, logistics_driver_profiles.avatar_color, logistics_driver_profiles.chat_history, logistics_driver_profiles.created_at, logistics_driver_profiles.updated_at 
FROM logistics_driver_profiles 
WHERE logistics_driver_profiles.user_id = $1::UUID
2026-03-25 01:09:54,566 INFO sqlalchemy.engine.Engine [cached since 659.6s ago] (UUID('8ce4bdac-8306-4b07-b065-a2a232c94f47'),)
2026-03-25 01:09:54,569 INFO sqlalchemy.engine.Engine SELECT warehouses.id, warehouses.name, warehouses.address, warehouses.lat, warehouses.lng, warehouses.manager_id, warehouses.floor_plan_json, warehouses.capacity_limit, warehouses.is_active, warehouses.created_at, warehouses.updated_at 
FROM warehouses 
WHERE warehouses.id = $1::UUID
2026-03-25 01:09:54,570 INFO sqlalchemy.engine.Engine [cached since 659.6s ago] (UUID('b7345343-13ae-46fe-b467-005bf9cfbb89'),)
2026-03-25 01:09:54,574 INFO sqlalchemy.engine.Engine SELECT orders.id, orders.tracking_code, orders.order_type, orders.status, orders.warehouse_substatus, orders.customer_id, orders.warehouse_id, orders.assigned_driver_id, orders.assigned_vehicle_id, orders.pickup_addr, orders.delivery_addr, orders.delivery_lat, orders.delivery_lng, orders.cargo_type, orders.vehicle_type, orders.labor_count, orders.base_amount, orders.vehicle_amount, orders.labor_amount, orders.materials_amount, orders.packing_amount, orders.platform_fee, orders.tax_amount, orders.total_amount, orders.payment_mode, orders.payment_status, orders.paid_amount, orders.declared_value, orders.service_otp, orders.service_time_block, orders.scheduled_at, orders.cancel_reason, orders.picking_started_at, orders.picking_completed_at, orders.packing_started_at, orders.packing_completed_at, orders.created_at, orders.updated_at 
FROM orders 
WHERE orders.assigned_driver_id = $1::UUID AND (orders.status NOT IN ($2::VARCHAR, $3::VARCHAR)) ORDER BY orders.scheduled_at ASC NULLS LAST, orders.created_at ASC
2026-03-25 01:09:54,575 INFO sqlalchemy.engine.Engine [cached since 659.6s ago] (UUID('8ce4bdac-8306-4b07-b065-a2a232c94f47'), 'DRAFT', 'CANCELLED')
2026-03-25 01:09:54,578 INFO sqlalchemy.engine.Engine SELECT order_items.order_id AS order_items_order_id, order_items.id AS order_items_id, order_items.sku AS order_items_sku, order_items.quantity AS order_items_quantity, order_items.box_count AS order_items_box_count, order_items.estimated_volume AS order_items_estimated_volume, order_items.created_at AS order_items_created_at 
FROM order_items 
WHERE order_items.order_id IN ($1::UUID)
2026-03-25 01:09:54,580 INFO sqlalchemy.engine.Engine [cached since 659.6s ago] (UUID('acc982ee-61cc-4f55-b505-fe9c17374a25'),)
2026-03-25 01:09:54,583 INFO sqlalchemy.engine.Engine SELECT logistics_vehicles.id, logistics_vehicles.code, logistics_vehicles.vehicle_type, logistics_vehicles.warehouse_id, logistics_vehicles.assigned_driver_id, logistics_vehicles.model, logistics_vehicles.year, logistics_vehicles.license_plate, logistics_vehicles.status, logistics_vehicles.fuel_efficiency, logistics_vehicles.mileage, logistics_vehicles.next_service_date, logistics_vehicles.maintenance_issue, logistics_vehicles.created_at, logistics_vehicles.updated_at 
FROM logistics_vehicles 
WHERE logistics_vehicles.id IN ($1::UUID)
2026-03-25 01:09:54,584 INFO sqlalchemy.engine.Engine [cached since 659.6s ago] (UUID('c6568bb2-39b7-44b7-a08f-de2846bd77ea'),)
2026-03-25 01:09:54,588 INFO sqlalchemy.engine.Engine SELECT logistics_vehicles.id, logistics_vehicles.code, logistics_vehicles.vehicle_type, logistics_vehicles.warehouse_id, logistics_vehicles.assigned_driver_id, logistics_vehicles.model, logistics_vehicles.year, logistics_vehicles.license_plate, logistics_vehicles.status, logistics_vehicles.fuel_efficiency, logistics_vehicles.mileage, logistics_vehicles.next_service_date, logistics_vehicles.maintenance_issue, logistics_vehicles.created_at, logistics_vehicles.updated_at 
FROM logistics_vehicles 
WHERE logistics_vehicles.warehouse_id = $1::UUID AND (logistics_vehicles.assigned_driver_id = $2::UUID OR logistics_vehicles.warehouse_id = $3::UUID AND (logistics_vehicles.assigned_driver_id IS NULL OR logistics_vehicles.assigned_driver_id = $4::UUID)) ORDER BY logistics_vehicles.created_at DESC
2026-03-25 01:09:54,589 INFO sqlalchemy.engine.Engine [cached since 659.6s ago] (UUID('b7345343-13ae-46fe-b467-005bf9cfbb89'), UUID('8ce4bdac-8306-4b07-b065-a2a232c94f47'), UUID('b7345343-13ae-46fe-b467-005bf9cfbb89'), UUID('8ce4bdac-8306-4b07-b065-a2a232c94f47'))
2026-03-25 01:09:54,593 INFO sqlalchemy.engine.Engine SELECT orders.id, orders.tracking_code, orders.order_type, orders.status, orders.warehouse_substatus, orders.customer_id, orders.warehouse_id, orders.assigned_driver_id, orders.assigned_vehicle_id, orders.pickup_addr, orders.delivery_addr, orders.delivery_lat, orders.delivery_lng, orders.cargo_type, orders.vehicle_type, orders.labor_count, orders.base_amount, orders.vehicle_amount, orders.labor_amount, orders.materials_amount, orders.packing_amount, orders.platform_fee, orders.tax_amount, orders.total_amount, orders.payment_mode, orders.payment_status, orders.paid_amount, orders.declared_value, orders.service_otp, orders.service_time_block, orders.scheduled_at, orders.cancel_reason, orders.picking_started_at, orders.picking_completed_at, orders.packing_started_at, orders.packing_completed_at, orders.created_at, orders.updated_at 
FROM orders 
WHERE orders.status IN ($1::VARCHAR, $2::VARCHAR) AND orders.assigned_vehicle_id IS NOT NULL AND orders.assigned_driver_id IS NOT NULL
2026-03-25 01:09:54,594 INFO sqlalchemy.engine.Engine [cached since 659.6s ago] ('ASSIGNED', 'IN_TRANSIT')
2026-03-25 01:09:54,598 INFO sqlalchemy.engine.Engine SELECT users.id, users.name, users.username, users.email, users.phone, users.alt_phone, users.date_of_birth, users.address, users.preferred_language, users.preferred_currency, users.default_payment_method, users.notifications_push, users.notifications_sms, users.notifications_email, users.notifications_geofence, users.notifications_promo, users.privacy_location, users.privacy_analytics, users.privacy_marketing, users.password_hash, users.role_id, users.warehouse_id, users.is_active, users.last_login, users.created_at, users.updated_at 
FROM users 
WHERE users.id IN ($1::UUID)
2026-03-25 01:09:54,599 INFO sqlalchemy.engine.Engine [cached since 659.6s ago] (UUID('8ce4bdac-8306-4b07-b065-a2a232c94f47'),)
INFO:     127.0.0.1:63375 - "GET /api/v1/logistics/drivers/me/dashboard HTTP/1.1" 200 OK
2026-03-25 01:09:54,606 INFO sqlalchemy.engine.Engine COMMIT
2026-03-25 01:09:54,933 INFO sqlalchemy.engine.Engine BEGIN (implicit)
2026-03-25 01:09:54,935 INFO sqlalchemy.engine.Engine SELECT users.id, users.name, users.username, users.email, users.phone, users.alt_phone, users.date_of_birth, users.address, users.preferred_language, users.preferred_currency, users.default_payment_method, users.notifications_push, users.notifications_sms, users.notifications_email, users.notifications_geofence, users.notifications_promo, users.privacy_location, users.privacy_analytics, users.privacy_marketing, users.password_hash, users.role_id, users.warehouse_id, users.is_active, users.last_login, users.created_at, users.updated_at 
FROM users 
WHERE users.id = $1::UUID
2026-03-25 01:09:54,936 INFO sqlalchemy.engine.Engine [cached since 660.1s ago] (UUID('8ce4bdac-8306-4b07-b065-a2a232c94f47'),)
2026-03-25 01:09:54,939 INFO sqlalchemy.engine.Engine SELECT users.id 
FROM users 
WHERE users.id = $1::UUID
2026-03-25 01:09:54,939 INFO sqlalchemy.engine.Engine [cached since 1281s ago] (UUID('8ce4bdac-8306-4b07-b065-a2a232c94f47'),)
2026-03-25 01:09:54,943 INFO sqlalchemy.engine.Engine SELECT roles.id AS roles_id, roles.name AS roles_name 
FROM roles 
WHERE roles.id = $1::INTEGER
2026-03-25 01:09:54,944 INFO sqlalchemy.engine.Engine [cached since 1256s ago] (4,)
2026-03-25 01:09:54,947 INFO sqlalchemy.engine.Engine SELECT logistics_driver_profiles.id, logistics_driver_profiles.user_id, logistics_driver_profiles.warehouse_id, logistics_driver_profiles.status, logistics_driver_profiles.current_location, logistics_driver_profiles.current_job, logistics_driver_profiles.efficiency_score, logistics_driver_profiles.avatar_color, logistics_driver_profiles.chat_history, logistics_driver_profiles.created_at, logistics_driver_profiles.updated_at 
FROM logistics_driver_profiles 
WHERE logistics_driver_profiles.user_id = $1::UUID
2026-03-25 01:09:54,948 INFO sqlalchemy.engine.Engine [cached since 660s ago] (UUID('8ce4bdac-8306-4b07-b065-a2a232c94f47'),)
2026-03-25 01:09:54,951 INFO sqlalchemy.engine.Engine SELECT warehouses.id, warehouses.name, warehouses.address, warehouses.lat, warehouses.lng, warehouses.manager_id, warehouses.floor_plan_json, warehouses.capacity_limit, warehouses.is_active, warehouses.created_at, warehouses.updated_at 
FROM warehouses 
WHERE warehouses.id = $1::UUID
2026-03-25 01:09:54,952 INFO sqlalchemy.engine.Engine [cached since 660s ago] (UUID('b7345343-13ae-46fe-b467-005bf9cfbb89'),)
2026-03-25 01:09:54,956 INFO sqlalchemy.engine.Engine SELECT orders.id, orders.tracking_code, orders.order_type, orders.status, orders.warehouse_substatus, orders.customer_id, orders.warehouse_id, orders.assigned_driver_id, orders.assigned_vehicle_id, orders.pickup_addr, orders.delivery_addr, orders.delivery_lat, orders.delivery_lng, orders.cargo_type, orders.vehicle_type, orders.labor_count, orders.base_amount, orders.vehicle_amount, orders.labor_amount, orders.materials_amount, orders.packing_amount, orders.platform_fee, orders.tax_amount, orders.total_amount, orders.payment_mode, orders.payment_status, orders.paid_amount, orders.declared_value, orders.service_otp, orders.service_time_block, orders.scheduled_at, orders.cancel_reason, orders.picking_started_at, orders.picking_completed_at, orders.packing_started_at, orders.packing_completed_at, orders.created_at, orders.updated_at 
FROM orders 
WHERE orders.assigned_driver_id = $1::UUID AND (orders.status NOT IN ($2::VARCHAR, $3::VARCHAR)) ORDER BY orders.scheduled_at ASC NULLS LAST, orders.created_at ASC
2026-03-25 01:09:54,956 INFO sqlalchemy.engine.Engine [cached since 660s ago] (UUID('8ce4bdac-8306-4b07-b065-a2a232c94f47'), 'DRAFT', 'CANCELLED')
2026-03-25 01:09:54,959 INFO sqlalchemy.engine.Engine SELECT order_items.order_id AS order_items_order_id, order_items.id AS order_items_id, order_items.sku AS order_items_sku, order_items.quantity AS order_items_quantity, order_items.box_count AS order_items_box_count, order_items.estimated_volume AS order_items_estimated_volume, order_items.created_at AS order_items_created_at 
FROM order_items 
WHERE order_items.order_id IN ($1::UUID)
2026-03-25 01:09:54,960 INFO sqlalchemy.engine.Engine [cached since 660s ago] (UUID('acc982ee-61cc-4f55-b505-fe9c17374a25'),)
2026-03-25 01:09:54,964 INFO sqlalchemy.engine.Engine SELECT logistics_vehicles.id, logistics_vehicles.code, logistics_vehicles.vehicle_type, logistics_vehicles.warehouse_id, logistics_vehicles.assigned_driver_id, logistics_vehicles.model, logistics_vehicles.year, logistics_vehicles.license_plate, logistics_vehicles.status, logistics_vehicles.fuel_efficiency, logistics_vehicles.mileage, logistics_vehicles.next_service_date, logistics_vehicles.maintenance_issue, logistics_vehicles.created_at, logistics_vehicles.updated_at 
FROM logistics_vehicles 
WHERE logistics_vehicles.id IN ($1::UUID)
2026-03-25 01:09:54,966 INFO sqlalchemy.engine.Engine [cached since 659.9s ago] (UUID('c6568bb2-39b7-44b7-a08f-de2846bd77ea'),)
2026-03-25 01:09:54,969 INFO sqlalchemy.engine.Engine SELECT logistics_vehicles.id, logistics_vehicles.code, logistics_vehicles.vehicle_type, logistics_vehicles.warehouse_id, logistics_vehicles.assigned_driver_id, logistics_vehicles.model, logistics_vehicles.year, logistics_vehicles.license_plate, logistics_vehicles.status, logistics_vehicles.fuel_efficiency, logistics_vehicles.mileage, logistics_vehicles.next_service_date, logistics_vehicles.maintenance_issue, logistics_vehicles.created_at, logistics_vehicles.updated_at 
FROM logistics_vehicles 
WHERE logistics_vehicles.warehouse_id = $1::UUID AND (logistics_vehicles.assigned_driver_id = $2::UUID OR logistics_vehicles.warehouse_id = $3::UUID AND (logistics_vehicles.assigned_driver_id IS NULL OR logistics_vehicles.assigned_driver_id = $4::UUID)) ORDER BY logistics_vehicles.created_at DESC
2026-03-25 01:09:54,970 INFO sqlalchemy.engine.Engine [cached since 659.9s ago] (UUID('b7345343-13ae-46fe-b467-005bf9cfbb89'), UUID('8ce4bdac-8306-4b07-b065-a2a232c94f47'), UUID('b7345343-13ae-46fe-b467-005bf9cfbb89'), UUID('8ce4bdac-8306-4b07-b065-a2a232c94f47'))
2026-03-25 01:09:54,973 INFO sqlalchemy.engine.Engine SELECT orders.id, orders.tracking_code, orders.order_type, orders.status, orders.warehouse_substatus, orders.customer_id, orders.warehouse_id, orders.assigned_driver_id, orders.assigned_vehicle_id, orders.pickup_addr, orders.delivery_addr, orders.delivery_lat, orders.delivery_lng, orders.cargo_type, orders.vehicle_type, orders.labor_count, orders.base_amount, orders.vehicle_amount, orders.labor_amount, orders.materials_amount, orders.packing_amount, orders.platform_fee, orders.tax_amount, orders.total_amount, orders.payment_mode, orders.payment_status, orders.paid_amount, orders.declared_value, orders.service_otp, orders.service_time_block, orders.scheduled_at, orders.cancel_reason, orders.picking_started_at, orders.picking_completed_at, orders.packing_started_at, orders.packing_completed_at, orders.created_at, orders.updated_at 
FROM orders 
WHERE orders.status IN ($1::VARCHAR, $2::VARCHAR) AND orders.assigned_vehicle_id IS NOT NULL AND orders.assigned_driver_id IS NOT NULL
2026-03-25 01:09:54,975 INFO sqlalchemy.engine.Engine [cached since 659.9s ago] ('ASSIGNED', 'IN_TRANSIT')
2026-03-25 01:09:54,978 INFO sqlalchemy.engine.Engine SELECT users.id, users.name, users.username, users.email, users.phone, users.alt_phone, users.date_of_birth, users.address, users.preferred_language, users.preferred_currency, users.default_payment_method, users.notifications_push, users.notifications_sms, users.notifications_email, users.notifications_geofence, users.notifications_promo, users.privacy_location, users.privacy_analytics, users.privacy_marketing, users.password_hash, users.role_id, users.warehouse_id, users.is_active, users.last_login, users.created_at, users.updated_at 
FROM users 
WHERE users.id IN ($1::UUID)
2026-03-25 01:09:54,978 INFO sqlalchemy.engine.Engine [cached since 659.9s ago] (UUID('8ce4bdac-8306-4b07-b065-a2a232c94f47'),)
INFO:     127.0.0.1:63375 - "GET /api/v1/logistics/drivers/me/dashboard HTTP/1.1" 200 OK
2026-03-25 01:09:54,987 INFO sqlalchemy.engine.Engine COMMIT
INFO:     127.0.0.1:63375 - "OPTIONS /api/v1/logistics/vehicles HTTP/1.1" 200 OK
2026-03-25 01:09:55,019 INFO sqlalchemy.engine.Engine BEGIN (implicit)
2026-03-25 01:09:55,019 INFO sqlalchemy.engine.Engine SELECT users.id, users.name, users.username, users.email, users.phone, users.alt_phone, users.date_of_birth, users.address, users.preferred_language, users.preferred_currency, users.default_payment_method, users.notifications_push, users.notifications_sms, users.notifications_email, users.notifications_geofence, users.notifications_promo, users.privacy_location, users.privacy_analytics, users.privacy_marketing, users.password_hash, users.role_id, users.warehouse_id, users.is_active, users.last_login, users.created_at, users.updated_at 
FROM users 
WHERE users.id = $1::UUID
2026-03-25 01:09:55,021 INFO sqlalchemy.engine.Engine [cached since 660.2s ago] (UUID('8ce4bdac-8306-4b07-b065-a2a232c94f47'),)
2026-03-25 01:09:55,024 INFO sqlalchemy.engine.Engine SELECT users.id 
FROM users 
WHERE users.id = $1::UUID
2026-03-25 01:09:55,026 INFO sqlalchemy.engine.Engine [cached since 1281s ago] (UUID('8ce4bdac-8306-4b07-b065-a2a232c94f47'),)
2026-03-25 01:09:55,029 INFO sqlalchemy.engine.Engine SELECT roles.id AS roles_id, roles.name AS roles_name 
FROM roles 
WHERE roles.id = $1::INTEGER
2026-03-25 01:09:55,030 INFO sqlalchemy.engine.Engine [cached since 1256s ago] (4,)
2026-03-25 01:09:55,035 INFO sqlalchemy.engine.Engine SELECT logistics_vehicles.id, logistics_vehicles.code, logistics_vehicles.vehicle_type, logistics_vehicles.warehouse_id, logistics_vehicles.assigned_driver_id, logistics_vehicles.model, logistics_vehicles.year, logistics_vehicles.license_plate, logistics_vehicles.status, logistics_vehicles.fuel_efficiency, logistics_vehicles.mileage, logistics_vehicles.next_service_date, logistics_vehicles.maintenance_issue, logistics_vehicles.created_at, logistics_vehicles.updated_at 
FROM logistics_vehicles 
WHERE logistics_vehicles.warehouse_id = $1::UUID AND (logistics_vehicles.assigned_driver_id = $2::UUID OR logistics_vehicles.warehouse_id = $3::UUID AND (logistics_vehicles.assigned_driver_id IS NULL OR logistics_vehicles.assigned_driver_id = $4::UUID)) ORDER BY logistics_vehicles.created_at DESC
2026-03-25 01:09:55,036 INFO sqlalchemy.engine.Engine [cached since 660s ago] (UUID('b7345343-13ae-46fe-b467-005bf9cfbb89'), UUID('8ce4bdac-8306-4b07-b065-a2a232c94f47'), UUID('b7345343-13ae-46fe-b467-005bf9cfbb89'), UUID('8ce4bdac-8306-4b07-b065-a2a232c94f47'))
2026-03-25 01:09:55,039 INFO sqlalchemy.engine.Engine SELECT orders.id, orders.tracking_code, orders.order_type, orders.status, orders.warehouse_substatus, orders.customer_id, orders.warehouse_id, orders.assigned_driver_id, orders.assigned_vehicle_id, orders.pickup_addr, orders.delivery_addr, orders.delivery_lat, orders.delivery_lng, orders.cargo_type, orders.vehicle_type, orders.labor_count, orders.base_amount, orders.vehicle_amount, orders.labor_amount, orders.materials_amount, orders.packing_amount, orders.platform_fee, orders.tax_amount, orders.total_amount, orders.payment_mode, orders.payment_status, orders.paid_amount, orders.declared_value, orders.service_otp, orders.service_time_block, orders.scheduled_at, orders.cancel_reason, orders.picking_started_at, orders.picking_completed_at, orders.packing_started_at, orders.packing_completed_at, orders.created_at, orders.updated_at 
FROM orders 
WHERE orders.status IN ($1::VARCHAR, $2::VARCHAR) AND orders.assigned_vehicle_id IS NOT NULL AND orders.assigned_driver_id IS NOT NULL
2026-03-25 01:09:55,040 INFO sqlalchemy.engine.Engine [cached since 660s ago] ('ASSIGNED', 'IN_TRANSIT')
2026-03-25 01:09:55,044 INFO sqlalchemy.engine.Engine SELECT users.id, users.name, users.username, users.email, users.phone, users.alt_phone, users.date_of_birth, users.address, users.preferred_language, users.preferred_currency, users.default_payment_method, users.notifications_push, users.notifications_sms, users.notifications_email, users.notifications_geofence, users.notifications_promo, users.privacy_location, users.privacy_analytics, users.privacy_marketing, users.password_hash, users.role_id, users.warehouse_id, users.is_active, users.last_login, users.created_at, users.updated_at 
FROM users 
WHERE users.id IN ($1::UUID)
2026-03-25 01:09:55,044 INFO sqlalchemy.engine.Engine [cached since 660s ago] (UUID('8ce4bdac-8306-4b07-b065-a2a232c94f47'),)
INFO:     127.0.0.1:63376 - "GET /api/v1/logistics/vehicles HTTP/1.1" 200 OK
2026-03-25 01:09:55,050 INFO sqlalchemy.engine.Engine COMMIT
INFO:     127.0.0.1:63376 - "OPTIONS /api/v1/logistics/drivers/me/bind-vehicle HTTP/1.1" 200 OK
2026-03-25 01:09:59,468 INFO sqlalchemy.engine.Engine BEGIN (implicit)
2026-03-25 01:09:59,469 INFO sqlalchemy.engine.Engine SELECT users.id, users.name, users.username, users.email, users.phone, users.alt_phone, users.date_of_birth, users.address, users.preferred_language, users.preferred_currency, users.default_payment_method, users.notifications_push, users.notifications_sms, users.notifications_email, users.notifications_geofence, users.notifications_promo, users.privacy_location, users.privacy_analytics, users.privacy_marketing, users.password_hash, users.role_id, users.warehouse_id, users.is_active, users.last_login, users.created_at, users.updated_at 
FROM users 
WHERE users.id = $1::UUID
2026-03-25 01:09:59,470 INFO sqlalchemy.engine.Engine [cached since 664.6s ago] (UUID('8ce4bdac-8306-4b07-b065-a2a232c94f47'),)
2026-03-25 01:09:59,473 INFO sqlalchemy.engine.Engine SELECT users.id 
FROM users 
WHERE users.id = $1::UUID
2026-03-25 01:09:59,474 INFO sqlalchemy.engine.Engine [cached since 1285s ago] (UUID('8ce4bdac-8306-4b07-b065-a2a232c94f47'),)
2026-03-25 01:09:59,476 INFO sqlalchemy.engine.Engine SELECT roles.id AS roles_id, roles.name AS roles_name 
FROM roles 
WHERE roles.id = $1::INTEGER
2026-03-25 01:09:59,476 INFO sqlalchemy.engine.Engine [cached since 1260s ago] (4,)
2026-03-25 01:09:59,479 INFO sqlalchemy.engine.Engine SELECT logistics_vehicles.id, logistics_vehicles.code, logistics_vehicles.vehicle_type, logistics_vehicles.warehouse_id, logistics_vehicles.assigned_driver_id, logistics_vehicles.model, logistics_vehicles.year, logistics_vehicles.license_plate, logistics_vehicles.status, logistics_vehicles.fuel_efficiency, logistics_vehicles.mileage, logistics_vehicles.next_service_date, logistics_vehicles.maintenance_issue, logistics_vehicles.created_at, logistics_vehicles.updated_at 
FROM logistics_vehicles 
WHERE logistics_vehicles.id = $1::UUID
2026-03-25 01:09:59,481 INFO sqlalchemy.engine.Engine [cached since 624.6s ago] (UUID('c6568bb2-39b7-44b7-a08f-de2846bd77ea'),)
2026-03-25 01:09:59,484 INFO sqlalchemy.engine.Engine SELECT logistics_driver_profiles.id, logistics_driver_profiles.user_id, logistics_driver_profiles.warehouse_id, logistics_driver_profiles.status, logistics_driver_profiles.current_location, logistics_driver_profiles.current_job, logistics_driver_profiles.efficiency_score, logistics_driver_profiles.avatar_color, logistics_driver_profiles.chat_history, logistics_driver_profiles.created_at, logistics_driver_profiles.updated_at 
FROM logistics_driver_profiles 
WHERE logistics_driver_profiles.user_id = $1::UUID
2026-03-25 01:09:59,485 INFO sqlalchemy.engine.Engine [cached since 664.5s ago] (UUID('8ce4bdac-8306-4b07-b065-a2a232c94f47'),)
2026-03-25 01:09:59,488 INFO sqlalchemy.engine.Engine SELECT orders.id, orders.tracking_code, orders.order_type, orders.status, orders.warehouse_substatus, orders.customer_id, orders.warehouse_id, orders.assigned_driver_id, orders.assigned_vehicle_id, orders.pickup_addr, orders.delivery_addr, orders.delivery_lat, orders.delivery_lng, orders.cargo_type, orders.vehicle_type, orders.labor_count, orders.base_amount, orders.vehicle_amount, orders.labor_amount, orders.materials_amount, orders.packing_amount, orders.platform_fee, orders.tax_amount, orders.total_amount, orders.payment_mode, orders.payment_status, orders.paid_amount, orders.declared_value, orders.service_otp, orders.service_time_block, orders.scheduled_at, orders.cancel_reason, orders.picking_started_at, orders.picking_completed_at, orders.packing_started_at, orders.packing_completed_at, orders.created_at, orders.updated_at 
FROM orders 
WHERE orders.assigned_driver_id = $1::UUID AND (orders.status NOT IN ($2::VARCHAR, $3::VARCHAR, $4::VARCHAR, $5::VARCHAR))
2026-03-25 01:09:59,489 INFO sqlalchemy.engine.Engine [cached since 624.6s ago] (UUID('8ce4bdac-8306-4b07-b065-a2a232c94f47'), 'DELIVERED', 'COMPLETED', 'CANCELLED', 'CLOSED')
INFO:     127.0.0.1:63376 - "POST /api/v1/logistics/drivers/me/bind-vehicle HTTP/1.1" 200 OK
2026-03-25 01:09:59,497 INFO sqlalchemy.engine.Engine COMMIT
2026-03-25 01:09:59,554 INFO sqlalchemy.engine.Engine BEGIN (implicit)
2026-03-25 01:09:59,556 INFO sqlalchemy.engine.Engine SELECT users.id, users.name, users.username, users.email, users.phone, users.alt_phone, users.date_of_birth, users.address, users.preferred_language, users.preferred_currency, users.default_payment_method, users.notifications_push, users.notifications_sms, users.notifications_email, users.notifications_geofence, users.notifications_promo, users.privacy_location, users.privacy_analytics, users.privacy_marketing, users.password_hash, users.role_id, users.warehouse_id, users.is_active, users.last_login, users.created_at, users.updated_at 
FROM users 
WHERE users.id = $1::UUID
2026-03-25 01:09:59,556 INFO sqlalchemy.engine.Engine [cached since 664.7s ago] (UUID('8ce4bdac-8306-4b07-b065-a2a232c94f47'),)
2026-03-25 01:09:59,560 INFO sqlalchemy.engine.Engine SELECT users.id 
FROM users 
WHERE users.id = $1::UUID
2026-03-25 01:09:59,561 INFO sqlalchemy.engine.Engine [cached since 1285s ago] (UUID('8ce4bdac-8306-4b07-b065-a2a232c94f47'),)
2026-03-25 01:09:59,563 INFO sqlalchemy.engine.Engine SELECT roles.id AS roles_id, roles.name AS roles_name 
FROM roles 
WHERE roles.id = $1::INTEGER
2026-03-25 01:09:59,564 INFO sqlalchemy.engine.Engine [cached since 1261s ago] (4,)
2026-03-25 01:09:59,568 INFO sqlalchemy.engine.Engine SELECT logistics_driver_profiles.id, logistics_driver_profiles.user_id, logistics_driver_profiles.warehouse_id, logistics_driver_profiles.status, logistics_driver_profiles.current_location, logistics_driver_profiles.current_job, logistics_driver_profiles.efficiency_score, logistics_driver_profiles.avatar_color, logistics_driver_profiles.chat_history, logistics_driver_profiles.created_at, logistics_driver_profiles.updated_at 
FROM logistics_driver_profiles 
WHERE logistics_driver_profiles.user_id = $1::UUID
2026-03-25 01:09:59,569 INFO sqlalchemy.engine.Engine [cached since 664.6s ago] (UUID('8ce4bdac-8306-4b07-b065-a2a232c94f47'),)
2026-03-25 01:09:59,572 INFO sqlalchemy.engine.Engine SELECT warehouses.id, warehouses.name, warehouses.address, warehouses.lat, warehouses.lng, warehouses.manager_id, warehouses.floor_plan_json, warehouses.capacity_limit, warehouses.is_active, warehouses.created_at, warehouses.updated_at 
FROM warehouses 
WHERE warehouses.id = $1::UUID
2026-03-25 01:09:59,573 INFO sqlalchemy.engine.Engine [cached since 664.6s ago] (UUID('b7345343-13ae-46fe-b467-005bf9cfbb89'),)
2026-03-25 01:09:59,576 INFO sqlalchemy.engine.Engine SELECT orders.id, orders.tracking_code, orders.order_type, orders.status, orders.warehouse_substatus, orders.customer_id, orders.warehouse_id, orders.assigned_driver_id, orders.assigned_vehicle_id, orders.pickup_addr, orders.delivery_addr, orders.delivery_lat, orders.delivery_lng, orders.cargo_type, orders.vehicle_type, orders.labor_count, orders.base_amount, orders.vehicle_amount, orders.labor_amount, orders.materials_amount, orders.packing_amount, orders.platform_fee, orders.tax_amount, orders.total_amount, orders.payment_mode, orders.payment_status, orders.paid_amount, orders.declared_value, orders.service_otp, orders.service_time_block, orders.scheduled_at, orders.cancel_reason, orders.picking_started_at, orders.picking_completed_at, orders.packing_started_at, orders.packing_completed_at, orders.created_at, orders.updated_at 
FROM orders 
WHERE orders.assigned_driver_id = $1::UUID AND (orders.status NOT IN ($2::VARCHAR, $3::VARCHAR)) ORDER BY orders.scheduled_at ASC NULLS LAST, orders.created_at ASC
2026-03-25 01:09:59,577 INFO sqlalchemy.engine.Engine [cached since 664.6s ago] (UUID('8ce4bdac-8306-4b07-b065-a2a232c94f47'), 'DRAFT', 'CANCELLED')
2026-03-25 01:09:59,581 INFO sqlalchemy.engine.Engine SELECT order_items.order_id AS order_items_order_id, order_items.id AS order_items_id, order_items.sku AS order_items_sku, order_items.quantity AS order_items_quantity, order_items.box_count AS order_items_box_count, order_items.estimated_volume AS order_items_estimated_volume, order_items.created_at AS order_items_created_at 
FROM order_items 
WHERE order_items.order_id IN ($1::UUID)
2026-03-25 01:09:59,582 INFO sqlalchemy.engine.Engine [cached since 664.6s ago] (UUID('acc982ee-61cc-4f55-b505-fe9c17374a25'),)
2026-03-25 01:09:59,586 INFO sqlalchemy.engine.Engine SELECT logistics_vehicles.id, logistics_vehicles.code, logistics_vehicles.vehicle_type, logistics_vehicles.warehouse_id, logistics_vehicles.assigned_driver_id, logistics_vehicles.model, logistics_vehicles.year, logistics_vehicles.license_plate, logistics_vehicles.status, logistics_vehicles.fuel_efficiency, logistics_vehicles.mileage, logistics_vehicles.next_service_date, logistics_vehicles.maintenance_issue, logistics_vehicles.created_at, logistics_vehicles.updated_at 
FROM logistics_vehicles 
WHERE logistics_vehicles.id IN ($1::UUID)
2026-03-25 01:09:59,587 INFO sqlalchemy.engine.Engine [cached since 664.6s ago] (UUID('c6568bb2-39b7-44b7-a08f-de2846bd77ea'),)
2026-03-25 01:09:59,589 INFO sqlalchemy.engine.Engine SELECT logistics_vehicles.id, logistics_vehicles.code, logistics_vehicles.vehicle_type, logistics_vehicles.warehouse_id, logistics_vehicles.assigned_driver_id, logistics_vehicles.model, logistics_vehicles.year, logistics_vehicles.license_plate, logistics_vehicles.status, logistics_vehicles.fuel_efficiency, logistics_vehicles.mileage, logistics_vehicles.next_service_date, logistics_vehicles.maintenance_issue, logistics_vehicles.created_at, logistics_vehicles.updated_at 
FROM logistics_vehicles 
WHERE logistics_vehicles.warehouse_id = $1::UUID AND (logistics_vehicles.assigned_driver_id = $2::UUID OR logistics_vehicles.warehouse_id = $3::UUID AND (logistics_vehicles.assigned_driver_id IS NULL OR logistics_vehicles.assigned_driver_id = $4::UUID)) ORDER BY logistics_vehicles.created_at DESC
2026-03-25 01:09:59,591 INFO sqlalchemy.engine.Engine [cached since 664.6s ago] (UUID('b7345343-13ae-46fe-b467-005bf9cfbb89'), UUID('8ce4bdac-8306-4b07-b065-a2a232c94f47'), UUID('b7345343-13ae-46fe-b467-005bf9cfbb89'), UUID('8ce4bdac-8306-4b07-b065-a2a232c94f47'))
2026-03-25 01:09:59,594 INFO sqlalchemy.engine.Engine SELECT orders.id, orders.tracking_code, orders.order_type, orders.status, orders.warehouse_substatus, orders.customer_id, orders.warehouse_id, orders.assigned_driver_id, orders.assigned_vehicle_id, orders.pickup_addr, orders.delivery_addr, orders.delivery_lat, orders.delivery_lng, orders.cargo_type, orders.vehicle_type, orders.labor_count, orders.base_amount, orders.vehicle_amount, orders.labor_amount, orders.materials_amount, orders.packing_amount, orders.platform_fee, orders.tax_amount, orders.total_amount, orders.payment_mode, orders.payment_status, orders.paid_amount, orders.declared_value, orders.service_otp, orders.service_time_block, orders.scheduled_at, orders.cancel_reason, orders.picking_started_at, orders.picking_completed_at, orders.packing_started_at, orders.packing_completed_at, orders.created_at, orders.updated_at 
FROM orders 
WHERE orders.status IN ($1::VARCHAR, $2::VARCHAR) AND orders.assigned_vehicle_id IS NOT NULL AND orders.assigned_driver_id IS NOT NULL
2026-03-25 01:09:59,595 INFO sqlalchemy.engine.Engine [cached since 664.6s ago] ('ASSIGNED', 'IN_TRANSIT')
2026-03-25 01:09:59,598 INFO sqlalchemy.engine.Engine SELECT users.id, users.name, users.username, users.email, users.phone, users.alt_phone, users.date_of_birth, users.address, users.preferred_language, users.preferred_currency, users.default_payment_method, users.notifications_push, users.notifications_sms, users.notifications_email, users.notifications_geofence, users.notifications_promo, users.privacy_location, users.privacy_analytics, users.privacy_marketing, users.password_hash, users.role_id, users.warehouse_id, users.is_active, users.last_login, users.created_at, users.updated_at 
FROM users 
WHERE users.id IN ($1::UUID)
2026-03-25 01:09:59,599 INFO sqlalchemy.engine.Engine [cached since 664.6s ago] (UUID('8ce4bdac-8306-4b07-b065-a2a232c94f47'),)
INFO:     127.0.0.1:63376 - "GET /api/v1/logistics/drivers/me/dashboard HTTP/1.1" 200 OK
2026-03-25 01:09:59,606 INFO sqlalchemy.engine.Engine COMMIT
